train_id,timestamp,train_load_type,train_load,platform_id
2_0_4,21630,Departure,3,214_2_0
3_0_8,21630,Departure,0,303_3_0
2_1_4,21630,Departure,0,213_2_1
4_0_7,21660,Departure,4,108_4_0
3_1_7,21660,Departure,0,305_3_1
3_1_5,21660,Departure,1,208_3_1
2_1_7,21660,Departure,2,202_2_1
2_1_9,21660,Departure,1,113_2_1
2_0_9,21660,Departure,0,113_2_0
4_0_3,21660,Departure,1,925_4_0
3_0_9,21660,Departure,0,105_3_0
4_1_3,21660,Departure,4,922_4_1
3_1_9,21660,Departure,0,105_3_1
3_0_1,21660,Departure,0,325_3_0
3_0_7,21660,Departure,2,316_3_0
3_1_1,21660,Departure,4,321_3_1
3_1_4,21690,Departure,1,116_3_1
3_0_4,21690,Departure,0,116_3_0
3_1_8,21690,Departure,4,310_3_1
2_0_6,21690,Departure,1,208_2_0
3_0_5,21720,Departure,1,208_3_0
4_1_4,21720,Departure,2,921_4_1
4_0_4,21720,Departure,0,922_4_0
3_0_6,21750,Departure,2,305_3_0
4_1_5,21780,Departure,4,108_4_1
4_1_3,21780,Arrival,4,925_4_1
2_0_7,21780,Departure,7,206_2_0
4_0_5,21780,Departure,2,305_4_0
1_1_5,21780,Departure,5,113_1_1
1_0_5,21780,Departure,0,116_1_0
4_0_3,21780,Arrival,1,926_4_0
2_1_5,21780,Departure,2,208_2_1
1_0_6,21810,Departure,2,113_1_0
1_0_4,21810,Departure,9,119_1_0
1_1_4,21810,Departure,0,116_1_1
3_1_6,21810,Departure,7,303_3_1
1_1_6,21810,Departure,9,111_1_1
2_0_9,21840,Departure,7,213_2_0
4_1_5,21840,Arrival,4,918_4_1
4_0_5,21840,Arrival,2,919_4_0
4_0_6,21840,Departure,9,913_4_0
4_1_3,21840,Departure,11,925_4_1
4_1_8,21840,Departure,1,108_4_1
2_1_5,21840,Arrival,2,113_2_1
1_0_7,21840,Departure,8,110_1_0
4_0_8,21840,Departure,0,108_4_0
4_0_3,21840,Departure,13,926_4_0
1_1_7,21840,Departure,0,108_1_1
2_1_6,21870,Departure,3,206_2_1
2_0_4,21870,Arrival,3,216_2_0
3_0_7,21900,Arrival,2,310_3_0
1_0_3,21900,Departure,15,122_1_0
4_1_5,21900,Departure,19,918_4_1
1_1_9,21900,Departure,11,103_1_1
4_0_5,21900,Departure,16,919_4_0
2_0_5,21900,Departure,3,113_2_0
1_0_9,21900,Departure,12,105_1_0
1_0_7,21900,Arrival,8,111_1_0
2_1_7,21900,Arrival,2,204_2_1
2_1_5,21900,Departure,2,113_2_1
1_1_3,21900,Departure,4,119_1_1
1_1_8,21930,Departure,1,105_1_1
1_1_10,21930,Departure,19,101_1_1
2_0_4,21930,Departure,15,216_2_0
1_0_10,21930,Departure,4,103_1_0
2_0_8,21930,Departure,11,204_2_0
2_1_4,21930,Departure,20,214_2_1
1_0_8,21930,Departure,6,108_1_0
3_0_3,21960,Departure,12,321_3_0
3_0_7,21960,Departure,11,310_3_0
1_0_7,21960,Departure,15,111_1_0
1_1_11,21960,Departure,0,101_1_1
4_1_7,21960,Departure,3,913_4_1
2_1_3,21960,Departure,1,216_2_1
1_0_11,21960,Departure,0,101_1_0
2_1_9,21960,Arrival,1,210_2_1
2_1_7,21960,Departure,4,204_2_1
1_1_7,21960,Departure,6,110_1_1
4_1_8,21960,Arrival,1,305_4_1
3_1_3,21960,Departure,7,316_3_1
2_0_3,21960,Departure,22,219_2_0
2_0_6,21990,Arrival,1,210_2_0
1_1_2,21990,Departure,3,122_1_1
1_0_2,21990,Departure,11,125_1_0
2_1_9,22020,Departure,16,210_2_1
4_1_8,22020,Departure,10,305_4_1
2_0_5,22020,Arrival,3,214_2_0
3_1_7,22020,Departure,4,105_3_1
1_0_1,22020,Departure,21,128_1_0
1_1_1,22020,Departure,1,125_1_1
2_1_5,22020,Arrival,2,213_2_1
3_1_6,22050,Arrival,7,208_3_1
3_1_8,22050,Arrival,4,305_3_1
2_0_6,22050,Departure,1,210_2_0
3_0_5,22080,Arrival,1,116_3_0
4_1_5,22080,Arrival,19,919_4_1
2_0_5,22080,Departure,10,214_2_0
4_1_3,22080,Arrival,11,926_4_1
3_0_9,22080,Departure,14,303_3_0
4_0_5,22080,Arrival,16,921_4_0
2_0_7,22080,Arrival,7,208_2_0
3_1_5,22080,Arrival,1,116_3_1
2_1_5,22080,Departure,13,213_2_1
4_0_3,22080,Arrival,13,928_4_0
4_0_8,22080,Departure,6,918_4_0
3_1_8,22110,Departure,6,305_3_1
3_1_6,22110,Departure,24,208_3_1
3_0_2,22110,Departure,21,325_3_0
3_0_10,22110,Departure,3,105_3_0
1_1_6,22110,Arrival,9,113_1_1
2_1_8,22110,Departure,11,202_2_1
3_1_10,22110,Departure,0,105_3_1
2_1_10,22110,Departure,11,113_2_1
2_0_10,22110,Departure,0,113_2_0
1_0_6,22110,Arrival,2,116_1_0
3_0_6,22110,Arrival,2,208_3_0
3_0_8,22110,Departure,5,316_3_0
3_1_2,22110,Departure,11,321_3_1
2_0_7,22140,Departure,1,208_2_0
3_1_9,22140,Departure,7,310_3_1
4_0_5,22140,Departure,32,921_4_0
4_1_3,22140,Departure,17,926_4_1
1_1_5,22140,Arrival,5,116_1_1
1_1_7,22140,Arrival,6,111_1_1
4_0_3,22140,Departure,35,928_4_0
3_0_7,22140,Arrival,11,305_3_0
4_1_5,22140,Departure,28,919_4_1
3_0_5,22140,Departure,13,116_3_0
3_1_5,22140,Departure,1,116_3_1
4_0_8,22140,Arrival,6,108_4_0
1_0_7,22140,Arrival,15,113_1_0
4_1_6,22140,Departure,20,909_4_1
4_1_4,22140,Arrival,2,922_4_1
2_1_6,22170,Arrival,3,208_2_1
3_0_6,22170,Departure,5,208_3_0
1_0_6,22170,Departure,5,116_1_0
2_0_8,22170,Arrival,11,206_2_0
1_0_8,22170,Arrival,6,110_1_0
1_1_8,22170,Arrival,1,108_1_1
1_1_6,22170,Departure,9,113_1_1
4_0_5,22200,Arrival,32,922_4_0
1_1_7,22200,Departure,17,111_1_1
1_1_5,22200,Departure,5,116_1_1
1_0_7,22200,Departure,12,113_1_0
4_1_4,22200,Departure,20,922_4_1
4_0_4,22200,Departure,14,925_4_0
4_0_8,22200,Departure,19,108_4_0
3_0_7,22200,Departure,15,305_3_0
4_1_5,22200,Arrival,28,921_4_1
3_1_7,22200,Arrival,4,303_3_1
1_0_5,22200,Departure,15,119_1_0
1_0_10,22230,Arrival,4,105_1_0
1_1_8,22230,Departure,2,108_1_1
1_1_10,22230,Arrival,19,103_1_1
2_0_8,22230,Departure,23,206_2_0
1_0_4,22230,Arrival,9,122_1_0
2_1_6,22230,Departure,4,208_2_1
1_0_8,22230,Departure,20,110_1_0
2_1_7,22260,Arrival,4,206_2_1
4_0_6,22260,Arrival,9,305_4_0
3_1_1,22260,Arrival,4,325_3_1
1_1_9,22260,Arrival,11,105_1_1
4_0_5,22260,Departure,35,922_4_0
1_0_9,22260,Arrival,12,108_1_0
4_1_5,22260,Departure,34,921_4_1
3_1_7,22260,Departure,21,303_3_1
4_1_6,22260,Arrival,20,108_4_1
1_0_4,22290,Departure,25,122_1_0
1_0_8,22290,Arrival,20,111_1_0
1_1_4,22290,Departure,1,119_1_1
2_1_6,22290,Arrival,4,113_2_1
1_0_10,22290,Departure,5,105_1_0
1_1_8,22290,Arrival,2,110_1_1
1_1_10,22290,Departure,34,103_1_1
2_0_6,22290,Arrival,1,113_2_0
2_0_10,22290,Departure,13,213_2_0
4_0_7,22320,Arrival,4,913_4_0
2_1_7,22320,Departure,6,206_2_1
4_1_6,22320,Departure,22,108_4_1
2_1_5,22320,Arrival,13,214_2_1
1_1_3,22320,Arrival,4,122_1_1
1_0_9,22320,Departure,8,108_1_0
4_1_4,22320,Arrival,20,925_4_1
3_0_1,22320,Departure,24,329_3_0
1_1_9,22320,Departure,12,105_1_1
2_0_9,22320,Arrival,7,204_2_0
4_0_4,22320,Arrival,14,926_4_0
3_1_1,22320,Departure,12,325_3_1
1_0_3,22320,Arrival,15,125_1_0
4_0_6,22320,Departure,16,305_4_0
2_0_5,22320,Arrival,10,216_2_0
1_1_11,22320,Departure,14,101_1_1
1_0_11,22320,Departure,1,103_1_0
2_1_8,22350,Arrival,11,204_2_1
3_0_8,22350,Arrival,5,310_3_0
2_0_4,22350,Arrival,15,219_2_0
2_1_4,22350,Arrival,20,216_2_1
1_0_2,22350,Arrival,11,128_1_0
1_0_8,22350,Departure,24,111_1_0
1_0_12,22350,Departure,3,101_1_0
2_0_6,22350,Departure,8,113_2_0
1_1_12,22350,Departure,0,101_1_1
1_1_8,22350,Departure,8,110_1_1
1_1_2,22350,Arrival,3,125_1_1
2_1_6,22350,Departure,6,113_2_1
3_1_4,22350,Arrival,1,316_3_1
4_1_4,22380,Departure,29,925_4_1
4_1_6,22380,Arrival,22,918_4_1
4_0_7,22380,Departure,20,913_4_0
1_1_3,22380,Departure,10,122_1_1
2_1_5,22380,Departure,28,214_2_1
4_0_6,22380,Arrival,16,919_4_0
4_1_9,22380,Departure,1,108_4_1
1_0_3,22380,Departure,28,125_1_0
4_0_4,22380,Departure,25,926_4_0
2_0_9,22380,Departure,26,204_2_0
2_0_5,22380,Departure,28,216_2_0
4_0_9,22380,Departure,3,108_4_0
2_1_4,22410,Departure,21,216_2_1
2_1_10,22410,Arrival,11,210_2_1
2_1_8,22410,Departure,11,204_2_1
3_0_8,22410,Departure,19,310_3_0
3_0_4,22410,Departure,11,321_3_0
3_1_4,22410,Departure,13,316_3_1
2_0_4,22410,Departure,36,219_2_0
3_1_8,22410,Arrival,6,105_3_1
1_1_2,22410,Departure,4,125_1_1
1_0_2,22410,Departure,24,128_1_0
2_0_7,22440,Arrival,1,210_2_0
4_1_6,22440,Departure,31,918_4_1
4_1_8,22440,Arrival,10,913_4_1
4_0_6,22440,Departure,24,919_4_0
3_1_8,22470,Departure,13,105_3_1
2_0_6,22470,Arrival,8,214_2_0
2_1_10,22470,Departure,34,210_2_1
3_0_10,22470,Arrival,3,303_3_0
2_1_6,22470,Arrival,6,213_2_1
4_1_8,22500,Departure,15,913_4_1
1_0_7,22500,Arrival,12,116_1_0
1_1_7,22500,Arrival,17,113_1_1
4_1_9,22500,Arrival,1,305_4_1
3_1_3,22500,Arrival,7,321_3_1
3_1_7,22500,Arrival,21,208_3_1
3_1_9,22500,Arrival,7,305_3_1
2_0_7,22500,Departure,3,210_2_0
2_1_9,22500,Arrival,16,202_2_1
3_0_9,22500,Arrival,14,316_3_0
3_0_3,22500,Arrival,12,325_3_0
2_0_6,22530,Departure,11,214_2_0
3_0_6,22530,Arrival,5,116_3_0
3_0_10,22530,Departure,12,303_3_0
3_1_6,22530,Arrival,24,116_3_1
1_1_6,22530,Arrival,9,116_1_1
1_1_8,22530,Arrival,8,111_1_1
2_0_8,22530,Arrival,23,208_2_0
1_0_8,22530,Arrival,24,113_1_0
1_0_6,22530,Arrival,5,119_1_0
2_1_6,22530,Departure,17,213_2_1
3_0_11,22560,Departure,10,105_3_0
3_1_7,22560,Departure,46,208_3_1
4_1_9,22560,Departure,13,305_4_1
4_0_9,22560,Arrival,3,918_4_0
3_1_11,22560,Departure,0,105_3_1
1_1_9,22560,Arrival,12,108_1_1
1_0_9,22560,Arrival,8,110_1_0
1_0_7,22560,Departure,32,116_1_0
3_0_9,22560,Departure,19,316_3_0
2_1_11,22560,Departure,6,113_2_1
2_1_9,22560,Departure,31,202_2_1
2_0_11,22560,Departure,5,113_2_0
3_1_9,22560,Departure,5,305_3_1
3_1_3,22560,Departure,16,321_3_1
1_1_7,22560,Departure,16,113_1_1
3_0_3,22560,Departure,18,325_3_0
3_0_7,22560,Arrival,15,208_3_0
3_1_6,22590,Departure,27,116_3_1
1_1_8,22590,Departure,23,111_1_1
1_0_6,22590,Departure,12,119_1_0
3_1_10,22590,Departure,8,310_3_1
1_1_6,22590,Departure,9,116_1_1
3_0_8,22590,Arrival,19,305_3_0
3_0_6,22590,Departure,7,116_3_0
2_0_8,22590,Departure,5,208_2_0
1_0_8,22590,Departure,18,113_1_0
4_0_9,22620,Departure,14,918_4_0
1_0_5,22620,Arrival,15,122_1_0
1_0_9,22620,Departure,16,110_1_0
3_0_7,22620,Departure,20,208_3_0
4_0_6,22620,Arrival,24,921_4_0
4_1_4,22620,Arrival,29,926_4_1
1_1_9,22620,Departure,20,108_1_1
2_0_9,22620,Arrival,26,206_2_0
4_0_4,22620,Arrival,25,928_4_0
4_1_6,22620,Arrival,31,919_4_1
1_1_11,22620,Arrival,14,103_1_1
1_0_11,22620,Arrival,1,105_1_0
4_1_7,22620,Arrival,3,909_4_1
1_1_5,22620,Arrival,5,119_1_1
2_1_7,22620,Arrival,6,208_2_1
1_0_12,22650,Arrival,3,103_1_0
3_1_8,22650,Arrival,13,303_3_1
1_0_10,22650,Arrival,5,108_1_0
3_0_8,22650,Departure,26,305_3_0
1_1_10,22650,Arrival,34,105_1_1
2_0_9,22680,Departure,38,206_2_0
1_1_9,22680,Arrival,20,110_1_1
1_0_9,22680,Arrival,16,111_1_0
1_0_5,22680,Departure,33,122_1_0
4_0_6,22680,Departure,37,921_4_0
1_1_11,22680,Departure,24,103_1_1
4_1_4,22680,Departure,42,926_4_1
4_0_4,22680,Departure,38,928_4_0
4_0_5,22680,Arrival,35,925_4_0
4_1_5,22680,Arrival,34,922_4_1
1_0_11,22680,Departure,7,105_1_0
2_0_11,22680,Arrival,5,213_2_0
1_1_5,22680,Departure,6,119_1_1
4_1_6,22680,Departure,42,919_4_1
4_0_9,22680,Arrival,14,108_4_0
4_1_7,22680,Departure,22,909_4_1
2_1_7,22680,Departure,10,208_2_1
3_1_8,22710,Departure,18,303_3_1
1_1_10,22710,Departure,36,105_1_1
1_0_4,22710,Arrival,25,125_1_0
1_0_12,22710,Departure,3,103_1_0
3_1_2,22710,Arrival,11,325_3_1
2_1_8,22710,Arrival,11,206_2_1
1_1_12,22710,Departure,15,101_1_1
1_0_10,22710,Departure,10,108_1_0
3_0_2,22710,Arrival,21,329_3_0
1_1_4,22710,Arrival,1,122_1_1
2_0_11,22740,Departure,10,213_2_0
1_0_13,22740,Departure,0,101_1_0
4_0_6,22740,Arrival,37,922_4_0
2_0_7,22740,Arrival,3,113_2_0
2_1_7,22740,Arrival,10,113_2_1
4_1_5,22740,Departure,52,922_4_1
4_1_6,22740,Arrival,42,921_4_1
4_0_5,22740,Departure,49,925_4_0
1_1_13,22740,Departure,0,101_1_1
1_0_9,22740,Departure,20,111_1_0
1_1_3,22740,Arrival,10,125_1_1
4_0_9,22740,Departure,14,108_4_0
1_0_3,22740,Arrival,28,128_1_0
1_1_9,22740,Departure,24,110_1_1
2_1_8,22770,Departure,12,206_2_1
2_1_6,22770,Arrival,17,214_2_1
3_0_2,22770,Departure,40,329_3_0
1_1_4,22770,Departure,2,122_1_1
1_0_4,22770,Departure,37,125_1_0
2_0_10,22770,Arrival,13,204_2_0
3_1_2,22770,Departure,25,325_3_1
2_0_6,22770,Arrival,11,216_2_0
4_1_7,22800,Arrival,22,108_4_1
2_1_7,22800,Departure,17,113_2_1
3_0_5,22800,Arrival,13,321_3_0
2_1_9,22800,Arrival,31,204_2_1
2_0_7,22800,Departure,1,113_2_0
4_1_6,22800,Departure,46,921_4_1
3_1_5,22800,Arrival,1,316_3_1
1_1_3,22800,Departure,13,125_1_1
4_0_7,22800,Arrival,20,305_4_0
2_1_5,22800,Arrival,28,216_2_1
2_0_5,22800,Arrival,28,219_2_0
3_0_9,22800,Arrival,19,310_3_0
1_0_3,22800,Departure,37,128_1_0
4_0_6,22800,Departure,39,922_4_0
2_0_10,22830,Departure,31,204_2_0
2_1_6,22830,Departure,34,214_2_1
2_0_6,22830,Departure,26,216_2_0
2_1_9,22860,Departure,32,204_2_1
4_1_5,22860,Arrival,52,925_4_1
4_0_5,22860,Arrival,49,926_4_0
3_0_5,22860,Departure,21,321_3_0
3_1_9,22860,Arrival,5,105_3_1
2_1_5,22860,Departure,27,216_2_1
2_0_5,22860,Departure,50,219_2_0
3_1_5,22860,Departure,16,316_3_1
3_0_9,22860,Departure,28,310_3_0
4_0_7,22860,Departure,18,305_4_0
2_1_11,22860,Arrival,6,210_2_1
4_1_7,22860,Departure,29,108_4_1
4_0_8,22860,Arrival,19,913_4_0
1_1_8,22890,Arrival,23,113_1_1
2_0_8,22890,Arrival,5,210_2_0
1_0_8,22890,Arrival,18,116_1_0
4_1_10,22920,Departure,1,108_4_1
4_0_7,22920,Arrival,18,919_4_0
4_1_5,22920,Departure,58,925_4_1
3_1_9,22920,Departure,16,105_3_1
4_0_5,22920,Departure,53,926_4_0
2_0_7,22920,Arrival,1,214_2_0
4_0_8,22920,Departure,37,913_4_0
4_1_7,22920,Arrival,29,918_4_1
4_0_10,22920,Departure,0,108_4_0
2_1_11,22920,Departure,25,210_2_1
2_1_7,22920,Arrival,17,213_2_1
1_0_9,22920,Arrival,20,113_1_0
1_0_7,22920,Arrival,32,119_1_0
1_1_9,22920,Arrival,24,111_1_1
1_1_7,22920,Arrival,16,116_1_1
3_0_11,22920,Arrival,10,303_3_0
1_1_8,22950,Departure,33,113_1_1
3_0_10,22950,Arrival,12,316_3_0
3_1_10,22950,Arrival,8,305_3_1
1_0_10,22950,Arrival,10,110_1_0
2_1_10,22950,Arrival,34,202_2_1
1_0_8,22950,Departure,32,116_1_0
1_1_10,22950,Arrival,36,108_1_1
3_1_8,22950,Arrival,18,208_3_1
3_0_4,22950,Arrival,11,325_3_0
2_0_8,22950,Departure,7,210_2_0
3_1_4,22950,Arrival,13,321_3_1
2_0_7,22980,Departure,9,214_2_0
4_0_7,22980,Departure,30,919_4_0
1_0_9,22980,Departure,19,113_1_0
4_1_7,22980,Departure,38,918_4_1
4_1_9,22980,Arrival,13,913_4_1
3_0_11,22980,Departure,17,303_3_0
1_0_7,22980,Departure,40,119_1_0
2_1_7,22980,Departure,25,213_2_1
1_1_9,22980,Departure,35,111_1_1
1_1_7,22980,Departure,16,116_1_1
2_0_9,22980,Arrival,38,208_2_0
3_1_7,22980,Arrival,46,116_3_1
3_0_7,22980,Arrival,20,116_3_0
3_1_8,23010,Departure,41,208_3_1
3_0_4,23010,Departure,21,325_3_0
2_0_12,23010,Departure,2,113_2_0
1_1_10,23010,Departure,39,108_1_1
1_1_12,23010,Arrival,15,103_1_1
1_0_10,23010,Departure,14,110_1_0
3_1_12,23010,Departure,4,105_3_1
3_0_12,23010,Departure,0,105_3_0
1_0_6,23010,Arrival,12,122_1_0
3_0_10,23010,Departure,15,316_3_0
2_1_10,23010,Departure,51,202_2_1
3_0_8,23010,Arrival,26,208_3_0
3_1_10,23010,Departure,12,305_3_1
3_1_4,23010,Departure,17,321_3_1
1_0_12,23010,Arrival,3,105_1_0
1_1_6,23010,Arrival,9,119_1_1
2_1_12,23010,Departure,0,113_2_1
4_1_10,23040,Arrival,1,305_4_1
3_0_9,23040,Arrival,28,305_3_0
3_1_7,23040,Departure,46,116_3_1
2_0_9,23040,Departure,16,208_2_0
3_0_7,23040,Departure,17,116_3_0
1_1_11,23040,Arrival,24,105_1_1
3_1_11,23040,Departure,9,310_3_1
1_0_11,23040,Arrival,7,108_1_0
4_1_9,23040,Departure,15,913_4_1
1_0_6,23070,Departure,26,122_1_0
1_1_6,23070,Departure,9,119_1_1
2_0_10,23070,Arrival,31,206_2_0
3_0_8,23070,Departure,32,208_3_0
1_0_10,23070,Arrival,14,111_1_0
1_1_12,23070,Departure,30,103_1_1
2_1_8,23070,Arrival,12,208_2_1
1_0_12,23070,Departure,7,105_1_0
1_1_10,23070,Arrival,39,110_1_1
1_0_5,23100,Arrival,33,125_1_0
1_1_11,23100,Departure,24,105_1_1
1_1_13,23100,Departure,21,101_1_1
4_1_10,23100,Departure,2,305_4_1
3_0_9,23100,Departure,28,305_3_0
1_0_13,23100,Departure,2,103_1_0
1_1_5,23100,Arrival,6,122_1_1
1_0_11,23100,Departure,8,108_1_0
3_1_9,23100,Arrival,16,303_3_1
2_0_10,23130,Departure,41,206_2_0
2_0_12,23130,Arrival,2,213_2_0
1_1_14,23130,Departure,3,101_1_1
1_1_4,23130,Arrival,2,125_1_1
1_0_10,23130,Departure,19,111_1_0
2_1_8,23130,Departure,14,208_2_1
1_0_14,23130,Departure,0,101_1_0
1_1_10,23130,Departure,44,110_1_1
1_0_4,23130,Arrival,37,128_1_0
4_1_7,23160,Arrival,38,919_4_1
2_1_9,23160,Arrival,32,206_2_1
3_1_9,23160,Departure,26,303_3_1
3_0_3,23160,Arrival,18,329_3_0
3_1_3,23160,Arrival,16,325_3_1
4_1_8,23160,Arrival,15,909_4_1
1_1_5,23160,Departure,8,122_1_1
4_1_5,23160,Arrival,58,926_4_1
4_0_5,23160,Arrival,53,928_4_0
4_0_7,23160,Arrival,30,921_4_0
1_0_5,23160,Departure,47,125_1_0
4_0_10,23160,Departure,6,918_4_0
1_0_4,23190,Departure,52,128_1_0
2_0_8,23190,Arrival,7,113_2_0
2_0_12,23190,Departure,5,213_2_0
1_1_4,23190,Departure,5,125_1_1
2_1_8,23190,Arrival,14,113_2_1
4_1_8,23220,Departure,36,909_4_1
2_0_11,23220,Arrival,10,204_2_0
4_1_5,23220,Departure,73,926_4_1
3_0_3,23220,Departure,34,329_3_0
2_1_7,23220,Arrival,25,214_2_1
4_0_10,23220,Arrival,6,108_4_0
4_0_5,23220,Departure,68,928_4_0
4_0_7,23220,Departure,49,921_4_0
4_1_7,23220,Departure,43,919_4_1
3_1_3,23220,Departure,23,325_3_1
4_0_6,23220,Arrival,39,925_4_0
2_1_9,23220,Departure,34,206_2_1
2_0_7,23220,Arrival,9,216_2_0
4_1_6,23220,Arrival,46,922_4_1
3_0_6,23250,Arrival,7,321_3_0
2_1_6,23250,Arrival,34,216_2_1
2_0_6,23250,Arrival,26,219_2_0
3_1_6,23250,Arrival,27,316_3_1
3_0_10,23250,Arrival,15,310_3_0
2_1_10,23250,Arrival,51,204_2_1
2_0_8,23250,Departure,23,113_2_0
2_1_8,23250,Departure,14,113_2_1
1_1_9,23280,Arrival,35,113_1_1
2_0_11,23280,Departure,27,204_2_0
4_1_7,23280,Arrival,43,921_4_1
4_0_10,23280,Departure,13,108_4_0
2_1_7,23280,Departure,36,214_2_1
4_0_6,23280,Departure,51,925_4_0
4_1_6,23280,Departure,61,922_4_1
2_0_7,23280,Departure,37,216_2_0
4_0_7,23280,Arrival,49,922_4_0
1_0_9,23280,Arrival,19,116_1_0
1_0_8,23310,Arrival,32,119_1_0
2_0_6,23310,Departure,48,219_2_0
1_1_8,23310,Arrival,33,116_1_1
3_1_10,23310,Arrival,12,105_3_1
1_1_10,23310,Arrival,44,111_1_1
3_0_6,23310,Departure,13,321_3_0
2_1_10,23310,Departure,50,204_2_1
1_0_10,23310,Arrival,19,113_1_0
3_1_6,23310,Departure,35,316_3_1
2_1_6,23310,Departure,36,216_2_1
3_0_10,23310,Departure,26,310_3_0
1_1_9,23340,Departure,36,113_1_1
1_0_11,23340,Arrival,8,110_1_0
4_1_8,23340,Arrival,36,108_4_1
2_0_9,23340,Arrival,16,210_2_0
4_1_7,23340,Departure,46,921_4_1
1_0_9,23340,Departure,28,116_1_0
1_1_11,23340,Arrival,24,108_1_1
4_0_8,23340,Arrival,37,305_4_0
4_0_7,23340,Departure,47,922_4_0
1_0_10,23370,Departure,15,113_1_0
2_1_8,23370,Arrival,14,213_2_1
1_1_8,23370,Departure,31,116_1_1
1_1_10,23370,Departure,52,111_1_1
3_1_10,23370,Departure,19,105_3_1
2_1_12,23370,Departure,12,210_2_1
1_0_8,23370,Departure,49,119_1_0
2_0_8,23370,Arrival,23,214_2_0
4_1_8,23400,Departure,41,108_4_1
1_0_7,23400,Arrival,40,122_1_0
4_1_6,23400,Arrival,61,925_4_1
4_0_8,23400,Departure,58,305_4_0
1_1_11,23400,Departure,23,108_1_1
2_1_11,23400,Arrival,25,202_2_1
1_0_11,23400,Departure,16,110_1_0
1_1_13,23400,Arrival,21,103_1_1
3_0_11,23400,Arrival,17,316_3_0
4_0_9,23400,Arrival,14,913_4_0
2_0_9,23400,Departure,15,210_2_0
1_1_7,23400,Arrival,16,119_1_1
3_1_11,23400,Arrival,9,305_3_1
1_0_13,23400,Arrival,2,105_1_0
4_0_6,23400,Arrival,51,926_4_0
3_1_5,23400,Arrival,16,321_3_1
3_0_5,23400,Arrival,21,325_3_0
3_1_9,23400,Arrival,26,208_3_1
2_0_8,23430,Departure,29,214_2_0
1_1_14,23430,Arrival,3,101_1_1
3_1_12,23430,Arrival,4,310_3_1
2_0_10,23430,Arrival,41,208_2_0
1_0_12,23430,Arrival,7,108_1_0
3_1_8,23430,Arrival,41,116_3_1
3_0_8,23430,Arrival,32,116_3_0
2_1_8,23430,Departure,23,213_2_1
1_1_12,23430,Arrival,30,105_1_1
3_0_12,23430,Departure,12,303_3_0
1_0_7,23460,Departure,48,122_1_0
1_1_11,23460,Arrival,23,110_1_1
1_0_11,23460,Arrival,16,111_1_0
1_1_13,23460,Departure,31,103_1_1
1_1_7,23460,Departure,18,119_1_1
4_1_8,23460,Arrival,41,918_4_1
2_1_13,23460,Departure,8,113_2_1
2_1_11,23460,Departure,48,202_2_1
1_0_13,23460,Departure,1,105_1_0
3_1_11,23460,Departure,9,305_3_1
3_1_9,23460,Departure,45,208_3_1
4_1_11,23460,Departure,2,108_4_1
3_1_13,23460,Departure,0,105_3_1
4_1_6,23460,Departure,61,925_4_1
3_0_5,23460,Departure,32,325_3_0
3_1_5,23460,Departure,24,321_3_1
4_0_11,23460,Departure,3,108_4_0
3_0_13,23460,Departure,1,105_3_0
3_0_11,23460,Departure,20,316_3_0
4_0_9,23460,Departure,29,913_4_0
3_0_9,23460,Arrival,28,208_3_0
4_0_8,23460,Arrival,58,919_4_0
4_0_6,23460,Departure,56,926_4_0
2_0_13,23460,Departure,4,113_2_0
3_1_8,23490,Departure,44,116_3_1
3_1_12,23490,Departure,10,310_3_1
1_0_12,23490,Departure,3,108_1_0
1_1_14,23490,Departure,13,101_1_1
1_1_12,23490,Departure,34,105_1_1
1_0_6,23490,Arrival,26,125_1_0
3_0_8,23490,Departure,26,116_3_0
1_0_14,23490,Departure,1,103_1_0
1_1_6,23490,Arrival,9,122_1_1
2_0_10,23490,Departure,28,208_2_0
3_0_10,23490,Arrival,26,305_3_0
2_0_11,23520,Arrival,27,206_2_0
1_1_15,23520,Departure,3,101_1_1
1_1_5,23520,Arrival,8,125_1_1
1_0_11,23520,Departure,19,111_1_0
3_0_9,23520,Departure,36,208_3_0
2_1_9,23520,Arrival,34,208_2_1
4_1_10,23520,Arrival,2,913_4_1
1_0_15,23520,Departure,0,101_1_0
1_0_5,23520,Arrival,47,128_1_0
4_0_8,23520,Departure,63,919_4_0
4_1_8,23520,Departure,58,918_4_1
1_1_11,23520,Departure,29,110_1_1
3_0_10,23550,Departure,32,305_3_0
1_0_6,23550,Departure,36,125_1_0
3_1_10,23550,Arrival,19,303_3_1
1_1_6,23550,Departure,12,122_1_1
2_1_9,23580,Departure,32,208_2_1
2_0_13,23580,Arrival,4,213_2_0
4_1_10,23580,Departure,4,913_4_1
4_1_11,23580,Arrival,2,305_4_1
1_0_5,23580,Departure,58,128_1_0
2_0_11,23580,Departure,36,206_2_0
1_1_5,23580,Departure,8,125_1_1
3_1_10,23610,Departure,26,303_3_1
3_1_4,23610,Arrival,17,325_3_1
3_0_4,23610,Arrival,21,329_3_0
2_1_10,23610,Arrival,50,206_2_1
2_1_9,23640,Arrival,32,113_2_1
2_0_13,23640,Departure,11,213_2_0
2_0_9,23640,Arrival,15,113_2_0
4_0_11,23640,Arrival,3,918_4_0
4_1_11,23640,Departure,6,305_4_1
1_1_10,23670,Arrival,52,113_1_1
2_0_8,23670,Arrival,29,216_2_0
2_0_12,23670,Arrival,5,204_2_0
2_1_8,23670,Arrival,23,214_2_1
3_1_4,23670,Departure,28,325_3_1
3_0_4,23670,Departure,37,329_3_0
2_1_10,23670,Departure,50,206_2_1
1_0_10,23670,Arrival,15,116_1_0
2_1_11,23700,Arrival,48,204_2_1
4_1_8,23700,Arrival,58,919_4_1
1_0_11,23700,Arrival,19,113_1_0
4_0_11,23700,Departure,3,918_4_0
3_0_7,23700,Arrival,17,321_3_0
4_1_6,23700,Arrival,61,926_4_1
2_1_9,23700,Departure,46,113_2_1
3_1_7,23700,Arrival,46,316_3_1
4_0_6,23700,Arrival,56,928_4_0
1_0_9,23700,Arrival,28,119_1_0
4_0_8,23700,Arrival,63,921_4_0
2_1_7,23700,Arrival,36,216_2_1
3_0_11,23700,Arrival,20,310_3_0
1_1_9,23700,Arrival,36,116_1_1
2_0_7,23700,Arrival,37,219_2_0
2_0_9,23700,Departure,16,113_2_0
1_1_11,23700,Arrival,29,111_1_1
4_1_9,23700,Arrival,15,909_4_1
2_1_8,23730,Departure,31,214_2_1
1_1_12,23730,Arrival,34,108_1_1
1_0_10,23730,Departure,24,116_1_0
1_1_10,23730,Departure,54,113_1_1
2_0_8,23730,Departure,42,216_2_0
1_0_12,23730,Arrival,3,110_1_0
2_0_12,23730,Departure,21,204_2_0
1_0_9,23760,Departure,40,119_1_0
2_1_11,23760,Departure,45,204_2_1
4_0_7,23760,Arrival,47,925_4_0
2_1_7,23760,Departure,37,216_2_1
3_0_11,23760,Departure,37,310_3_0
3_0_7,23760,Departure,25,321_3_0
3_1_7,23760,Departure,54,316_3_1
4_0_6,23760,Departure,82,928_4_0
4_0_11,23760,Arrival,3,108_4_0
4_0_8,23760,Departure,78,921_4_0
4_1_6,23760,Departure,76,926_4_1
2_0_7,23760,Departure,52,219_2_0
3_1_11,23760,Arrival,9,105_3_1
1_1_11,23760,Departure,35,111_1_1
1_1_9,23760,Departure,37,116_1_1
4_1_9,23760,Departure,39,909_4_1
4_1_7,23760,Arrival,46,922_4_1
2_1_13,23760,Arrival,8,210_2_1
1_0_11,23760,Departure,15,113_1_0
4_1_8,23760,Departure,63,919_4_1
1_1_14,23790,Arrival,13,103_1_1
1_1_8,23790,Arrival,31,119_1_1
1_1_12,23790,Departure,48,108_1_1
1_0_8,23790,Arrival,49,122_1_0
2_0_10,23790,Arrival,28,210_2_0
1_0_12,23790,Departure,16,110_1_0
1_0_14,23790,Arrival,1,105_1_0
2_1_13,23820,Departure,29,210_2_1
1_1_13,23820,Arrival,31,105_1_1
4_1_7,23820,Departure,62,922_4_1
1_1_15,23820,Arrival,3,101_1_1
4_1_8,23820,Arrival,63,921_4_1
3_1_11,23820,Departure,20,105_3_1
1_0_13,23820,Arrival,1,108_1_0
4_0_8,23820,Arrival,78,922_4_0
2_0_9,23820,Arrival,16,214_2_0
3_0_13,23820,Arrival,1,303_3_0
2_1_9,23820,Arrival,46,213_2_1
4_0_11,23820,Departure,3,108_4_0
4_0_7,23820,Departure,61,925_4_0
3_0_12,23850,Arrival,12,316_3_0
3_0_6,23850,Arrival,13,325_3_0
3_1_6,23850,Arrival,35,321_3_1
1_0_8,23850,Departure,64,122_1_0
1_0_14,23850,Departure,4,105_1_0
3_1_12,23850,Arrival,10,305_3_1
1_1_12,23850,Arrival,48,110_1_1
2_1_12,23850,Arrival,12,202_2_1
2_0_10,23850,Departure,25,210_2_0
1_1_8,23850,Departure,34,119_1_1
1_0_12,23850,Arrival,16,111_1_0
3_1_10,23850,Arrival,26,208_3_1
1_1_14,23850,Departure,23,103_1_1
4_1_8,23880,Departure,65,921_4_1
4_1_9,23880,Arrival,39,108_4_1
2_0_9,23880,Departure,24,214_2_0
2_0_11,23880,Arrival,36,208_2_0
1_0_7,23880,Arrival,48,125_1_0
1_1_13,23880,Departure,32,105_1_1
1_1_7,23880,Arrival,18,122_1_1
2_1_9,23880,Departure,60,213_2_1
4_0_8,23880,Departure,76,922_4_0
4_0_9,23880,Arrival,29,305_4_0
1_0_15,23880,Departure,2,103_1_0
3_0_13,23880,Departure,15,303_3_0
3_0_9,23880,Arrival,36,116_3_0
3_1_9,23880,Arrival,45,116_3_1
1_0_13,23880,Departure,3,108_1_0
1_1_15,23880,Departure,16,101_1_1
3_0_14,23910,Departure,1,105_3_0
2_1_12,23910,Departure,28,202_2_1
3_0_12,23910,Departure,14,316_3_0
3_1_14,23910,Departure,0,105_3_1
2_1_14,23910,Departure,9,113_2_1
1_1_6,23910,Arrival,12,125_1_1
3_1_10,23910,Departure,47,208_3_1
3_1_12,23910,Departure,17,305_3_1
3_0_6,23910,Departure,19,325_3_0
1_1_16,23910,Departure,2,101_1_1
1_1_12,23910,Departure,48,110_1_1
1_0_6,23910,Arrival,36,128_1_0
1_0_12,23910,Departure,19,111_1_0
1_0_16,23910,Departure,0,101_1_0
3_1_6,23910,Departure,40,321_3_1
3_0_10,23910,Arrival,32,208_3_0
2_0_14,23910,Departure,0,113_2_0
1_1_7,23940,Departure,21,122_1_1
1_0_7,23940,Departure,61,125_1_0
2_0_11,23940,Departure,19,208_2_0
4_0_9,23940,Departure,30,305_4_0
3_0_9,23940,Departure,27,116_3_0
3_1_13,23940,Departure,9,310_3_1
4_0_10,23940,Arrival,13,913_4_0
4_1_9,23940,Departure,39,108_4_1
4_1_7,23940,Arrival,62,925_4_1
3_1_9,23940,Departure,45,116_3_1
4_0_7,23940,Arrival,61,926_4_0
3_0_11,23940,Arrival,37,305_3_0
1_0_6,23970,Departure,52,128_1_0
1_1_6,23970,Departure,13,125_1_1
3_0_10,23970,Departure,37,208_3_0
2_0_12,23970,Arrival,21,206_2_0
2_1_10,23970,Arrival,50,208_2_1
4_0_9,24000,Arrival,30,919_4_0
4_1_9,24000,Arrival,39,918_4_1
4_0_10,24000,Departure,39,913_4_0
4_0_7,24000,Departure,67,926_4_0
3_0_11,24000,Departure,41,305_3_0
4_1_12,24000,Departure,3,108_4_1
4_0_12,24000,Departure,0,108_4_0
3_1_11,24000,Arrival,20,303_3_1
4_1_7,24000,Departure,66,925_4_1
2_0_12,24030,Departure,33,206_2_0
2_1_10,24030,Departure,50,208_2_1
3_1_11,24060,Departure,33,303_3_1
1_1_11,24060,Arrival,35,113_1_1
4_1_9,24060,Departure,55,918_4_1
1_0_11,24060,Arrival,15,116_1_0
2_1_11,24060,Arrival,45,206_2_1
3_1_5,24060,Arrival,24,325_3_1
3_0_5,24060,Arrival,32,329_3_0
4_1_11,24060,Arrival,6,913_4_1
4_0_9,24060,Departure,39,919_4_0
2_0_14,24090,Departure,10,213_2_0
1_0_10,24090,Arrival,24,119_1_0
2_1_10,24090,Arrival,50,113_2_1
1_1_12,24090,Arrival,48,111_1_1
1_1_10,24090,Arrival,54,116_1_1
1_0_12,24090,Arrival,19,113_1_0
2_0_10,24090,Arrival,25,113_2_0
1_1_11,24120,Departure,39,113_1_1
1_0_13,24120,Arrival,3,110_1_0
1_0_11,24120,Departure,21,116_1_0
2_1_11,24120,Departure,46,206_2_1
2_0_9,24120,Arrival,24,216_2_0
3_0_5,24120,Departure,49,329_3_0
4_1_12,24120,Arrival,3,305_4_1
2_0_13,24120,Arrival,11,204_2_0
3_1_5,24120,Departure,39,325_3_1
1_1_13,24120,Arrival,32,108_1_1
2_1_9,24120,Arrival,60,214_2_1
4_1_11,24120,Departure,11,913_4_1
2_1_12,24150,Arrival,28,204_2_1
1_1_10,24150,Departure,59,116_1_1
1_1_12,24150,Departure,65,111_1_1
1_0_12,24150,Departure,17,113_1_0
2_0_8,24150,Arrival,42,219_2_0
3_0_12,24150,Arrival,14,310_3_0
3_1_8,24150,Arrival,44,316_3_1
1_0_10,24150,Departure,29,119_1_0
2_1_10,24150,Departure,51,113_2_1
3_0_8,24150,Arrival,26,321_3_0
2_1_8,24150,Arrival,31,216_2_1
2_0_10,24150,Departure,21,113_2_0
2_0_13,24180,Departure,25,204_2_0
2_0_9,24180,Departure,42,216_2_0
1_0_15,24180,Arrival,2,105_1_0
1_0_13,24180,Departure,13,110_1_0
2_1_9,24180,Departure,76,214_2_1
4_1_12,24180,Departure,11,305_4_1
1_0_9,24180,Arrival,40,122_1_0
1_1_9,24180,Arrival,37,119_1_1
1_1_15,24180,Arrival,16,103_1_1
1_1_13,24180,Departure,36,108_1_1
3_1_8,24210,Departure,53,316_3_1
2_1_12,24210,Departure,30,204_2_1
2_0_8,24210,Departure,58,219_2_0
2_1_14,24210,Arrival,9,210_2_1
3_1_12,24210,Arrival,17,105_3_1
1_1_14,24210,Arrival,23,105_1_1
1_1_16,24210,Arrival,2,101_1_1
1_0_14,24210,Arrival,4,108_1_0
3_0_12,24210,Departure,29,310_3_0
2_1_8,24210,Departure,33,216_2_1
3_0_8,24210,Departure,32,321_3_0
4_1_7,24240,Arrival,66,926_4_1
2_0_11,24240,Arrival,19,210_2_0
4_1_10,24240,Arrival,4,909_4_1
1_0_15,24240,Departure,21,105_1_0
4_1_9,24240,Arrival,55,919_4_1
1_0_13,24240,Arrival,13,111_1_0
4_0_7,24240,Arrival,67,928_4_0
4_0_9,24240,Arrival,39,921_4_0
1_1_15,24240,Departure,27,103_1_1
1_1_13,24240,Arrival,36,110_1_1
1_0_9,24240,Departure,50,122_1_0
4_0_12,24240,Departure,4,918_4_0
1_1_9,24240,Departure,34,119_1_1
2_1_14,24270,Departure,23,210_2_1
1_1_14,24270,Departure,24,105_1_1
1_1_16,24270,Departure,19,101_1_1
1_0_16,24270,Departure,1,103_1_0
3_1_12,24270,Departure,15,105_3_1
1_0_14,24270,Departure,7,108_1_0
1_1_8,24270,Arrival,34,122_1_1
1_0_8,24270,Arrival,64,125_1_0
2_0_10,24270,Arrival,21,214_2_0
3_0_14,24270,Arrival,1,303_3_0
2_1_10,24270,Arrival,51,213_2_1
2_0_11,24300,Departure,22,210_2_0
1_1_17,24300,Departure,1,101_1_1
3_0_13,24300,Arrival,15,316_3_0
4_0_8,24300,Arrival,76,925_4_0
1_1_7,24300,Arrival,21,125_1_1
1_1_13,24300,Departure,40,110_1_1
4_1_8,24300,Arrival,65,922_4_1
4_0_7,24300,Departure,76,928_4_0
4_0_12,24300,Arrival,4,108_4_0
3_0_7,24300,Arrival,25,325_3_0
1_0_13,24300,Departure,18,111_1_0
2_1_13,24300,Arrival,29,202_2_1
4_1_7,24300,Departure,73,926_4_1
3_1_11,24300,Arrival,33,208_3_1
4_1_9,24300,Departure,69,919_4_1
1_0_17,24300,Departure,0,101_1_0
3_1_13,24300,Arrival,9,305_3_1
4_0_9,24300,Departure,45,921_4_0
4_1_10,24300,Departure,25,909_4_1
3_1_7,24300,Arrival,54,321_3_1
1_0_7,24300,Arrival,61,128_1_0
2_1_10,24330,Departure,58,213_2_1
1_0_8,24330,Departure,69,125_1_0
3_0_14,24330,Departure,15,303_3_0
3_0_10,24330,Arrival,37,116_3_0
3_1_10,24330,Arrival,47,116_3_1
2_0_10,24330,Departure,28,214_2_0
1_1_8,24330,Departure,38,122_1_1
2_0_12,24330,Arrival,33,208_2_0
4_1_9,24360,Arrival,69,921_4_1
3_1_11,24360,Departure,59,208_3_1
3_1_13,24360,Departure,19,305_3_1
3_0_7,24360,Departure,33,325_3_0
3_1_7,24360,Departure,60,321_3_1
1_0_7,24360,Departure,79,128_1_0
2_0_15,24360,Departure,7,113_2_0
2_1_15,24360,Departure,0,113_2_1
1_1_7,24360,Departure,20,125_1_1
4_1_8,24360,Departure,84,922_4_1
3_0_11,24360,Arrival,41,208_3_0
3_0_15,24360,Departure,2,105_3_0
3_1_15,24360,Departure,0,105_3_1
4_0_9,24360,Arrival,45,922_4_0
4_0_8,24360,Departure,86,925_4_0
4_0_12,24360,Departure,10,108_4_0
3_0_13,24360,Departure,26,316_3_0
2_1_13,24360,Departure,55,202_2_1
3_0_12,24390,Arrival,29,305_3_0
3_0_10,24390,Departure,41,116_3_0
2_0_12,24390,Departure,19,208_2_0
3_1_14,24390,Departure,5,310_3_1
3_1_10,24390,Departure,47,116_3_1
4_0_9,24420,Departure,47,922_4_0
4_1_9,24420,Departure,74,921_4_1
2_0_13,24420,Arrival,25,206_2_0
4_1_10,24420,Arrival,25,108_4_1
4_0_10,24420,Arrival,39,305_4_0
2_1_11,24420,Arrival,46,208_2_1
3_0_11,24420,Departure,42,208_3_0
1_0_12,24450,Arrival,17,116_1_0
3_0_12,24450,Departure,33,305_3_0
3_1_12,24450,Arrival,15,303_3_1
1_1_12,24450,Arrival,65,113_1_1
4_0_8,24480,Arrival,86,926_4_0
2_1_11,24480,Departure,41,208_2_1
4_1_8,24480,Arrival,84,925_4_1
4_0_11,24480,Arrival,3,913_4_0
1_0_13,24480,Arrival,18,113_1_0
4_0_10,24480,Departure,40,305_4_0
2_0_13,24480,Departure,43,206_2_0
2_0_15,24480,Arrival,7,213_2_0
1_0_11,24480,Arrival,21,119_1_0
1_1_13,24480,Arrival,40,111_1_1
1_1_11,24480,Arrival,39,116_1_1
4_1_10,24480,Departure,24,108_4_1
2_1_12,24510,Arrival,30,206_2_1
1_0_12,24510,Departure,18,116_1_0
1_0_14,24510,Arrival,7,110_1_0
3_1_6,24510,Arrival,40,325_3_1
3_0_6,24510,Arrival,19,329_3_0
3_1_12,24510,Departure,26,303_3_1
1_1_14,24510,Arrival,24,108_1_1
1_1_12,24510,Departure,67,113_1_1
2_0_15,24540,Departure,13,213_2_0
4_0_10,24540,Arrival,40,919_4_0
4_0_13,24540,Departure,3,108_4_0
1_0_11,24540,Departure,35,119_1_0
1_1_13,24540,Departure,48,111_1_1
1_1_11,24540,Departure,43,116_1_1
4_0_8,24540,Departure,93,926_4_0
4_1_13,24540,Departure,0,108_4_1
2_1_11,24540,Arrival,41,113_2_1
4_1_8,24540,Departure,87,925_4_1
4_0_11,24540,Departure,23,913_4_0
1_0_13,24540,Departure,12,113_1_0
4_1_10,24540,Arrival,24,918_4_1
2_0_11,24540,Arrival,22,113_2_0
3_1_6,24570,Departure,42,325_3_1
3_0_6,24570,Departure,38,329_3_0
1_0_14,24570,Departure,19,110_1_0
1_0_10,24570,Arrival,29,122_1_0
1_0_16,24570,Arrival,1,105_1_0
2_1_12,24570,Departure,31,206_2_1
2_0_14,24570,Arrival,10,204_2_0
1_1_16,24570,Arrival,19,103_1_1
1_1_10,24570,Arrival,59,119_1_1
2_1_10,24570,Arrival,58,214_2_1
2_0_10,24570,Arrival,28,216_2_0
1_1_14,24570,Departure,24,108_1_1
2_0_11,24600,Departure,24,113_2_0
4_0_10,24600,Departure,48,919_4_0
4_1_10,24600,Departure,40,918_4_1
3_0_13,24600,Arrival,26,310_3_0
1_0_15,24600,Arrival,21,108_1_0
3_1_9,24600,Arrival,45,316_3_1
2_1_11,24600,Departure,41,113_2_1
2_0_9,24600,Arrival,42,219_2_0
2_1_13,24600,Arrival,55,204_2_1
1_1_17,24600,Arrival,1,101_1_1
2_1_9,24600,Arrival,76,216_2_1
3_0_9,24600,Arrival,27,321_3_0
4_1_12,24600,Arrival,11,913_4_1
1_1_15,24600,Arrival,27,105_1_1
2_0_10,24630,Departure,37,216_2_0
2_1_10,24630,Departure,73,214_2_1
1_1_14,24630,Arrival,24,110_1_1
1_1_10,24630,Departure,59,119_1_1
1_0_14,24630,Arrival,19,111_1_0
1_0_16,24630,Departure,4,105_1_0
2_0_14,24630,Departure,23,204_2_0
1_1_16,24630,Departure,38,103_1_1
1_0_10,24630,Departure,37,122_1_0
3_0_9,24660,Departure,42,321_3_0
1_0_15,24660,Departure,18,108_1_0
4_1_12,24660,Departure,17,913_4_1
2_1_9,24660,Departure,78,216_2_1
1_1_17,24660,Departure,10,101_1_1
1_0_17,24660,Departure,2,103_1_0
3_1_13,24660,Arrival,19,105_3_1
3_1_9,24660,Departure,59,316_3_1
2_1_13,24660,Departure,52,204_2_1
1_1_9,24660,Arrival,34,122_1_1
2_0_9,24660,Departure,53,219_2_0
1_1_15,24660,Departure,26,105_1_1
1_0_9,24660,Arrival,50,125_1_0
3_0_13,24660,Departure,37,310_3_0
1_0_8,24690,Arrival,69,128_1_0
1_1_14,24690,Departure,28,110_1_1
1_1_8,24690,Arrival,38,125_1_1
1_0_18,24690,Departure,0,101_1_0
2_0_12,24690,Arrival,19,210_2_0
1_1_18,24690,Departure,0,101_1_1
1_0_14,24690,Departure,22,111_1_0
1_1_9,24720,Departure,36,122_1_1
2_0_11,24720,Arrival,24,214_2_0
4_1_13,24720,Departure,8,305_4_1
3_1_13,24720,Departure,19,105_3_1
4_0_13,24720,Arrival,3,918_4_0
3_0_15,24720,Arrival,2,303_3_0
2_1_15,24720,Departure,10,210_2_1
2_1_11,24720,Arrival,41,213_2_1
1_0_9,24720,Departure,58,125_1_0
2_1_14,24750,Arrival,23,202_2_1
3_1_8,24750,Arrival,53,321_3_1
1_1_8,24750,Departure,37,125_1_1
1_0_8,24750,Departure,84,128_1_0
2_0_12,24750,Departure,17,210_2_0
3_1_14,24750,Arrival,5,305_3_1
3_0_8,24750,Arrival,32,325_3_0
3_1_12,24750,Arrival,26,208_3_1
3_0_14,24750,Arrival,15,316_3_0
4_0_8,24780,Arrival,93,928_4_0
3_0_11,24780,Arrival,42,116_3_0
3_0_15,24780,Departure,12,303_3_0
2_1_11,24780,Departure,53,213_2_1
4_1_8,24780,Arrival,87,926_4_1
2_0_11,24780,Departure,26,214_2_0
3_1_11,24780,Arrival,59,116_3_1
4_1_10,24780,Arrival,40,919_4_1
4_0_13,24780,Departure,9,918_4_0
4_1_11,24780,Arrival,11,909_4_1
2_0_13,24780,Arrival,43,208_2_0
4_0_10,24780,Arrival,48,921_4_0
2_1_14,24810,Departure,42,202_2_1
3_0_8,24810,Departure,35,325_3_0
3_1_14,24810,Departure,5,305_3_1
3_0_14,24810,Departure,24,316_3_0
3_0_16,24810,Departure,2,105_3_0
3_0_12,24810,Arrival,33,208_3_0
3_1_12,24810,Departure,58,208_3_1
3_1_8,24810,Departure,58,321_3_1
2_1_16,24810,Departure,10,113_2_1
3_1_16,24810,Departure,0,105_3_1
2_0_16,24810,Departure,0,113_2_0
4_1_8,24840,Departure,97,926_4_1
4_0_8,24840,Departure,108,928_4_0
1_1_13,24840,Arrival,48,113_1_1
3_1_11,24840,Departure,77,116_3_1
4_1_10,24840,Departure,44,919_4_1
1_0_13,24840,Arrival,12,116_1_0
4_1_9,24840,Arrival,74,922_4_1
3_0_11,24840,Departure,38,116_3_0
4_1_11,24840,Departure,27,909_4_1
3_1_15,24840,Departure,4,310_3_1
2_0_13,24840,Departure,22,208_2_0
4_0_9,24840,Arrival,47,925_4_0
4_0_13,24840,Arrival,9,108_4_0
3_0_13,24840,Arrival,37,305_3_0
4_0_10,24840,Departure,63,921_4_0
1_0_12,24870,Arrival,18,119_1_0
1_1_12,24870,Arrival,67,116_1_1
1_1_14,24870,Arrival,28,111_1_1
3_0_12,24870,Departure,33,208_3_0
2_1_12,24870,Arrival,31,208_2_1
2_0_14,24870,Arrival,23,206_2_0
1_0_14,24870,Arrival,22,113_1_0
4_0_13,24900,Departure,21,108_4_0
3_0_13,24900,Departure,29,305_3_0
4_1_10,24900,Arrival,44,921_4_1
4_0_9,24900,Departure,54,925_4_0
1_1_15,24900,Arrival,26,108_1_1
1_0_13,24900,Departure,16,116_1_0
1_0_15,24900,Arrival,18,110_1_0
1_1_13,24900,Departure,52,113_1_1
3_1_13,24900,Arrival,19,303_3_1
4_1_9,24900,Departure,93,922_4_1
4_0_10,24900,Arrival,63,922_4_0
1_1_12,24930,Departure,71,116_1_1
1_1_14,24930,Departure,41,111_1_1
2_1_12,24930,Departure,38,208_2_1
1_0_12,24930,Departure,25,119_1_0
1_0_14,24930,Departure,16,113_1_0
2_0_14,24930,Departure,34,206_2_0
4_0_10,24960,Departure,62,922_4_0
1_0_11,24960,Arrival,35,122_1_0
2_1_13,24960,Arrival,52,206_2_1
4_1_11,24960,Arrival,27,108_4_1
4_0_11,24960,Arrival,23,305_4_0
3_1_7,24960,Arrival,60,325_3_1
1_1_11,24960,Arrival,43,119_1_1
1_0_17,24960,Arrival,2,105_1_0
1_1_15,24960,Departure,25,108_1_1
3_1_13,24960,Departure,19,303_3_1
3_0_7,24960,Arrival,33,329_3_0
1_0_15,24960,Departure,32,110_1_0
1_1_17,24960,Arrival,10,103_1_1
4_1_10,24960,Departure,52,921_4_1
1_1_16,24990,Arrival,38,105_1_1
2_0_16,24990,Departure,11,213_2_0
2_1_12,24990,Arrival,38,113_2_1
2_0_12,24990,Arrival,17,113_2_0
1_0_16,24990,Arrival,4,108_1_0
3_1_7,25020,Departure,70,325_3_1
1_0_15,25020,Arrival,32,111_1_0
2_1_11,25020,Arrival,53,214_2_1
1_0_17,25020,Departure,12,105_1_0
1_0_11,25020,Departure,37,122_1_0
1_1_15,25020,Arrival,25,110_1_1
2_1_13,25020,Departure,53,206_2_1
2_0_15,25020,Arrival,13,204_2_0
4_0_9,25020,Arrival,54,926_4_0
4_0_12,25020,Arrival,10,913_4_0
4_1_11,25020,Departure,29,108_4_1
4_0_11,25020,Departure,31,305_4_0
2_0_11,25020,Arrival,26,216_2_0
3_0_7,25020,Departure,46,329_3_0
1_1_11,25020,Departure,44,119_1_1
4_1_9,25020,Arrival,93,925_4_1
1_1_17,25020,Departure,23,103_1_1
1_0_18,25050,Departure,1,103_1_0
2_1_14,25050,Arrival,42,204_2_1
1_1_16,25050,Departure,38,105_1_1
2_1_12,25050,Departure,37,113_2_1
2_0_10,25050,Arrival,37,219_2_0
1_1_18,25050,Departure,12,101_1_1
2_1_10,25050,Arrival,73,216_2_1
1_1_10,25050,Arrival,59,122_1_1
3_1_10,25050,Arrival,47,316_3_1
3_0_14,25050,Arrival,24,310_3_0
3_0_10,25050,Arrival,41,321_3_0
1_0_16,25050,Departure,5,108_1_0
1_0_10,25050,Arrival,37,125_1_0
2_0_12,25050,Departure,20,113_2_0
1_0_15,25080,Departure,36,111_1_0
2_0_11,25080,Departure,43,216_2_0
4_1_14,25080,Departure,1,108_4_1
1_0_19,25080,Departure,3,101_1_0
4_1_9,25080,Departure,99,925_4_1
1_1_9,25080,Arrival,36,125_1_1
1_1_15,25080,Departure,31,110_1_1
2_1_11,25080,Departure,59,214_2_1
4_0_9,25080,Departure,55,926_4_0
4_1_11,25080,Arrival,29,918_4_1
1_0_9,25080,Arrival,58,128_1_0
4_0_11,25080,Arrival,31,919_4_0
1_1_19,25080,Departure,0,101_1_1
4_0_12,25080,Departure,30,913_4_0
2_0_15,25080,Departure,25,204_2_0
4_0_14,25080,Departure,1,108_4_0
2_1_10,25110,Departure,72,216_2_1
2_1_16,25110,Arrival,10,210_2_1
3_1_10,25110,Departure,62,316_3_1
1_1_10,25110,Departure,59,122_1_1
3_0_14,25110,Departure,31,310_3_0
3_1_14,25110,Arrival,5,105_3_1
3_0_10,25110,Departure,44,321_3_0
1_0_10,25110,Departure,51,125_1_0
2_1_14,25110,Departure,41,204_2_1
2_0_10,25110,Departure,65,219_2_0
1_0_9,25140,Departure,71,128_1_0
4_1_13,25140,Arrival,8,913_4_1
4_1_11,25140,Departure,47,918_4_1
2_0_13,25140,Arrival,22,210_2_0
1_1_9,25140,Departure,33,125_1_1
4_0_11,25140,Departure,49,919_4_0
2_0_12,25170,Arrival,20,214_2_0
2_1_16,25170,Departure,32,210_2_1
3_0_16,25170,Arrival,2,303_3_0
3_1_14,25170,Departure,7,105_3_1
2_1_12,25170,Arrival,37,213_2_1
4_1_14,25200,Arrival,1,305_4_1
4_1_13,25200,Departure,10,913_4_1
2_1_15,25200,Arrival,10,202_2_1
3_1_13,25200,Arrival,19,208_3_1
3_1_9,25200,Arrival,59,321_3_1
2_0_13,25200,Departure,24,210_2_0
3_1_15,25200,Arrival,4,305_3_1
3_0_15,25200,Arrival,12,316_3_0
3_0_9,25200,Arrival,42,325_3_0
3_0_12,25230,Arrival,33,116_3_0
2_1_12,25230,Departure,52,213_2_1
1_1_14,25230,Arrival,41,113_1_1
3_1_12,25230,Arrival,58,116_3_1
2_0_12,25230,Departure,25,214_2_0
3_0_16,25230,Departure,19,303_3_0
1_0_14,25230,Arrival,16,116_1_0
2_0_14,25230,Arrival,34,208_2_0
1_0_13,25260,Arrival,16,119_1_0
1_0_15,25260,Arrival,36,113_1_0
4_1_14,25260,Departure,19,305_4_1
1_1_15,25260,Arrival,31,111_1_1
3_1_9,25260,Departure,76,321_3_1
1_1_13,25260,Arrival,52,116_1_1
2_0_17,25260,Departure,18,113_2_0
3_1_13,25260,Departure,59,208_3_1
2_1_17,25260,Departure,1,113_2_1
2_1_15,25260,Departure,36,202_2_1
3_0_9,25260,Departure,61,325_3_0
3_1_17,25260,Departure,12,105_3_1
3_0_15,25260,Departure,33,316_3_0
3_0_13,25260,Arrival,29,208_3_0
3_0_17,25260,Departure,0,105_3_0
3_1_15,25260,Departure,3,305_3_1
4_0_14,25260,Arrival,1,918_4_0
3_1_12,25290,Departure,89,116_3_1
3_1_16,25290,Departure,27,310_3_1
1_1_16,25290,Arrival,38,108_1_1
1_1_14,25290,Departure,54,113_1_1
1_0_16,25290,Arrival,5,110_1_0
3_0_12,25290,Departure,26,116_3_0
2_0_14,25290,Departure,24,208_2_0
3_0_14,25290,Arrival,31,305_3_0
1_0_14,25290,Departure,15,116_1_0
1_1_15,25320,Departure,45,111_1_1
2_0_15,25320,Arrival,25,206_2_0
4_1_9,25320,Arrival,99,926_4_1
4_0_14,25320,Departure,34,918_4_0
1_1_13,25320,Departure,54,116_1_1
4_0_11,25320,Arrival,49,921_4_0
4_0_9,25320,Arrival,55,928_4_0
3_0_13,25320,Departure,37,208_3_0
4_1_12,25320,Arrival,17,909_4_1
4_1_11,25320,Arrival,47,919_4_1
2_1_13,25320,Arrival,53,208_2_1
1_0_13,25320,Departure,56,119_1_0
1_0_15,25320,Departure,34,113_1_0
1_0_18,25350,Arrival,1,105_1_0
3_0_14,25350,Departure,48,305_3_0
1_0_12,25350,Arrival,25,122_1_0
1_1_12,25350,Arrival,71,119_1_1
1_1_18,25350,Arrival,12,103_1_1
1_1_16,25350,Departure,88,108_1_1
3_1_14,25350,Arrival,7,303_3_1
1_0_16,25350,Departure,56,110_1_0
4_0_9,25380,Departure,111,928_4_0
4_0_14,25380,Arrival,34,108_4_0
1_1_17,25380,Arrival,23,105_1_1
2_0_17,25380,Arrival,18,213_2_0
4_0_11,25380,Departure,85,921_4_0
1_0_19,25380,Arrival,3,103_1_0
1_0_17,25380,Arrival,12,108_1_0
2_0_15,25380,Departure,87,206_2_0
4_0_10,25380,Arrival,62,925_4_0
4_1_10,25380,Arrival,52,922_4_1
2_1_13,25380,Departure,57,208_2_1
4_1_9,25380,Departure,147,926_4_1
4_1_12,25380,Departure,80,909_4_1
4_1_11,25380,Departure,98,919_4_1
1_0_12,25410,Departure,80,122_1_0
2_1_14,25410,Arrival,41,206_2_1
1_0_16,25410,Arrival,56,111_1_0
1_1_12,25410,Departure,90,119_1_1
3_1_8,25410,Arrival,58,325_3_1
1_0_18,25410,Departure,39,105_1_0
3_0_8,25410,Arrival,35,329_3_0
1_1_18,25410,Departure,70,103_1_1
1_1_16,25410,Arrival,88,110_1_1
3_1_14,25410,Departure,54,303_3_1
2_0_17,25440,Departure,68,213_2_0
1_1_17,25440,Departure,36,105_1_1
1_0_19,25440,Departure,8,103_1_0
4_0_11,25440,Arrival,85,922_4_0
4_0_14,25440,Departure,59,108_4_0
1_1_11,25440,Arrival,44,122_1_1
4_0_10,25440,Departure,130,925_4_0
4_1_10,25440,Departure,131,922_4_1
2_0_13,25440,Arrival,24,113_2_0
1_0_11,25440,Arrival,37,125_1_0
1_1_19,25440,Departure,65,101_1_1
1_0_17,25440,Departure,10,108_1_0
4_1_11,25440,Arrival,98,921_4_1
2_1_13,25440,Arrival,57,113_2_1
1_0_10,25470,Arrival,51,128_1_0
1_1_20,25470,Departure,3,101_1_1
1_1_16,25470,Departure,114,110_1_1
3_1_8,25470,Departure,115,325_3_1
2_0_12,25470,Arrival,25,216_2_0
1_0_16,25470,Departure,77,111_1_0
1_1_10,25470,Arrival,59,125_1_1
1_0_20,25470,Departure,0,101_1_0
2_0_16,25470,Arrival,11,204_2_0
3_0_8,25470,Departure,104,329_3_0
2_1_12,25470,Arrival,52,214_2_1
2_1_14,25470,Departure,62,206_2_1
1_0_11,25500,Departure,111,125_1_0
2_1_11,25500,Arrival,59,216_2_1
3_0_11,25500,Arrival,38,321_3_0
2_0_13,25500,Departure,63,113_2_0
4_1_12,25500,Arrival,80,108_4_1
4_1_11,25500,Departure,131,921_4_1
2_1_15,25500,Arrival,36,204_2_1
2_1_13,25500,Departure,57,113_2_1
1_1_11,25500,Departure,63,122_1_1
4_0_12,25500,Arrival,30,305_4_0
3_1_11,25500,Arrival,77,316_3_1
2_0_11,25500,Arrival,43,219_2_0
3_0_15,25500,Arrival,33,310_3_0
4_0_11,25500,Departure,84,922_4_0
2_1_12,25530,Departure,119,214_2_1
1_1_10,25530,Departure,66,125_1_1
2_0_12,25530,Departure,99,216_2_0
1_0_10,25530,Departure,135,128_1_0
2_0_16,25530,Departure,100,204_2_0
4_0_10,25560,Arrival,130,926_4_0
2_1_15,25560,Departure,42,204_2_1
2_1_17,25560,Arrival,1,210_2_1
4_1_12,25560,Departure,105,108_4_1
4_1_10,25560,Arrival,131,925_4_1
3_0_11,25560,Departure,111,321_3_0
2_0_11,25560,Departure,121,219_2_0
2_1_11,25560,Departure,65,216_2_1
3_0_15,25560,Departure,101,310_3_0
3_1_15,25560,Arrival,3,105_3_1
4_0_13,25560,Arrival,21,913_4_0
4_0_12,25560,Departure,87,305_4_0
3_1_11,25560,Departure,143,316_3_1
2_0_14,25590,Arrival,24,210_2_0
4_1_15,25620,Departure,11,108_4_1
2_0_13,25620,Arrival,63,214_2_0
3_1_15,25620,Departure,44,105_3_1
4_0_10,25620,Departure,182,926_4_0
4_0_15,25620,Departure,0,108_4_0
1_1_15,25620,Arrival,45,113_1_1
4_0_12,25620,Arrival,87,919_4_0
4_0_13,25620,Departure,126,913_4_0
1_0_15,25620,Arrival,34,116_1_0
2_1_13,25620,Arrival,57,213_2_1
4_1_12,25620,Arrival,105,918_4_1
2_1_17,25620,Departure,123,210_2_1
4_1_10,25620,Departure,155,925_4_1
3_0_16,25650,Arrival,19,316_3_0
2_1_16,25650,Arrival,32,202_2_1
1_0_14,25650,Arrival,15,119_1_0
3_0_10,25650,Arrival,44,325_3_0
1_0_16,25650,Arrival,77,113_1_0
2_0_14,25650,Departure,28,210_2_0
1_1_14,25650,Arrival,54,116_1_1
1_1_16,25650,Arrival,114,111_1_1
3_1_14,25650,Arrival,54,208_3_1
3_1_16,25650,Arrival,27,305_3_1
3_1_10,25650,Arrival,62,321_3_1
3_0_13,25680,Arrival,37,116_3_0
4_1_14,25680,Arrival,19,913_4_1
4_0_12,25680,Departure,166,919_4_0
3_1_13,25680,Arrival,59,116_3_1
3_1_17,25680,Arrival,12,310_3_1
1_1_15,25680,Departure,89,113_1_1
1_1_17,25680,Arrival,36,108_1_1
2_0_15,25680,Arrival,87,208_2_0
1_0_17,25680,Arrival,10,110_1_0
2_0_13,25680,Departure,103,214_2_0
4_1_12,25680,Departure,190,918_4_1
2_1_13,25680,Departure,110,213_2_1
1_0_15,25680,Departure,97,116_1_0
3_0_17,25680,Departure,60,303_3_0
3_1_10,25710,Departure,91,321_3_1
2_0_18,25710,Departure,15,113_2_0
3_0_16,25710,Departure,48,316_3_0
1_1_14,25710,Departure,58,116_1_1
3_0_18,25710,Departure,14,105_3_0
1_0_16,25710,Departure,63,113_1_0
3_0_14,25710,Arrival,48,208_3_0
2_1_16,25710,Departure,125,202_2_1
1_0_14,25710,Departure,73,119_1_0
2_1_18,25710,Departure,7,113_2_1
3_0_10,25710,Departure,100,325_3_0
3_1_18,25710,Departure,0,105_3_1
3_1_14,25710,Departure,156,208_3_1
3_1_16,25710,Departure,58,305_3_1
1_1_16,25710,Departure,164,111_1_1
1_0_17,25740,Departure,73,110_1_0
1_0_13,25740,Arrival,56,122_1_0
3_1_17,25740,Departure,63,310_3_1
4_1_14,25740,Departure,53,913_4_1
1_1_19,25740,Arrival,65,103_1_1
1_0_19,25740,Arrival,8,105_1_0
1_1_17,25740,Departure,65,108_1_1
4_1_15,25740,Arrival,11,305_4_1
3_1_13,25740,Departure,61,116_3_1
3_0_15,25740,Arrival,101,305_3_0
1_1_13,25740,Arrival,54,119_1_1
3_0_13,25740,Departure,35,116_3_0
2_0_15,25740,Departure,32,208_2_0
2_0_16,25770,Arrival,100,206_2_0
1_1_20,25770,Arrival,3,101_1_1
1_1_18,25770,Arrival,70,105_1_1
2_1_14,25770,Arrival,62,208_2_1
1_0_18,25770,Arrival,39,108_1_0
3_0_14,25770,Departure,73,208_3_0
1_0_17,25800,Arrival,73,111_1_0
1_0_13,25800,Departure,125,122_1_0
1_1_21,25800,Departure,79,101_1_1
1_1_13,25800,Departure,70,119_1_1
1_1_17,25800,Arrival,65,110_1_1
1_1_19,25800,Departure,165,103_1_1
1_0_19,25800,Departure,30,105_1_0
1_0_21,25800,Departure,0,101_1_0
3_0_15,25800,Departure,119,305_3_0
3_1_15,25800,Arrival,44,303_3_1
4_1_15,25800,Departure,13,305_4_1
1_1_20,25830,Departure,13,101_1_1
2_0_18,25830,Arrival,15,213_2_0
1_1_18,25830,Departure,77,105_1_1
2_0_16,25830,Departure,210,206_2_0
1_0_20,25830,Departure,7,103_1_0
1_1_12,25830,Arrival,90,122_1_1
2_1_14,25830,Departure,75,208_2_1
1_0_18,25830,Departure,51,108_1_0
1_0_12,25830,Arrival,80,125_1_0
4_0_10,25860,Arrival,182,928_4_0
3_1_9,25860,Arrival,76,325_3_1
4_0_12,25860,Arrival,166,921_4_0
4_0_15,25860,Departure,35,918_4_0
3_1_15,25860,Departure,85,303_3_1
4_1_10,25860,Arrival,155,926_4_1
4_1_13,25860,Arrival,10,909_4_1
4_1_12,25860,Arrival,190,919_4_1
1_1_17,25860,Departure,98,110_1_1
1_0_11,25860,Arrival,111,128_1_0
1_0_17,25860,Departure,119,111_1_0
3_0_9,25860,Arrival,61,329_3_0
2_1_15,25860,Arrival,42,206_2_1
1_1_11,25860,Arrival,63,125_1_1
1_1_12,25890,Departure,109,122_1_1
2_1_14,25890,Arrival,75,113_2_1
2_0_14,25890,Arrival,28,113_2_0
1_0_12,25890,Departure,166,125_1_0
2_0_18,25890,Departure,54,213_2_0
2_0_17,25920,Arrival,68,204_2_0
3_1_9,25920,Departure,118,325_3_1
4_0_11,25920,Arrival,84,925_4_0
4_0_12,25920,Departure,245,921_4_0
4_0_15,25920,Arrival,35,108_4_0
4_0_10,25920,Departure,303,928_4_0
1_1_11,25920,Departure,71,125_1_1
2_0_13,25920,Arrival,103,216_2_0
3_0_9,25920,Departure,178,329_3_0
2_1_13,25920,Arrival,110,214_2_1
4_1_13,25920,Departure,137,909_4_1
1_0_11,25920,Departure,205,128_1_0
4_1_10,25920,Departure,205,926_4_1
4_1_11,25920,Arrival,131,922_4_1
4_1_12,25920,Departure,246,919_4_1
2_1_15,25920,Departure,57,206_2_1
2_1_14,25950,Departure,132,113_2_1
2_1_12,25950,Arrival,119,216_2_1
3_0_12,25950,Arrival,26,321_3_0
1_1_22,25950,Departure,28,101_1_1
2_0_12,25950,Arrival,99,219_2_0
2_0_14,25950,Departure,21,113_2_0
3_0_16,25950,Arrival,48,310_3_0
1_0_22,25950,Departure,0,101_1_0
3_1_12,25950,Arrival,89,316_3_1
2_1_16,25950,Arrival,125,204_2_1
2_0_17,25980,Departure,165,204_2_0
2_0_13,25980,Departure,193,216_2_0
4_1_12,25980,Arrival,246,921_4_1
4_1_11,25980,Departure,259,922_4_1
4_0_15,25980,Departure,91,108_4_0
2_1_13,25980,Departure,161,214_2_1
4_0_11,25980,Departure,169,925_4_0
4_0_12,25980,Arrival,245,922_4_0
3_0_12,26010,Departure,101,321_3_0
3_0_16,26010,Departure,106,310_3_0
2_0_12,26010,Departure,207,219_2_0
2_1_16,26010,Departure,131,204_2_1
1_0_16,26010,Arrival,63,116_1_0
1_1_16,26010,Arrival,164,113_1_1
2_1_18,26010,Arrival,7,210_2_1
2_1_12,26010,Departure,120,216_2_1
3_1_16,26010,Arrival,58,105_3_1
3_1_12,26010,Departure,164,316_3_1
4_1_12,26040,Departure,265,921_4_1
1_1_17,26040,Arrival,98,111_1_1
4_0_12,26040,Departure,263,922_4_0
4_0_13,26040,Arrival,126,305_4_0
1_0_15,26040,Arrival,97,119_1_0
2_0_15,26040,Arrival,32,210_2_0
1_0_17,26040,Arrival,119,113_1_0
1_1_15,26040,Arrival,89,116_1_1
4_1_13,26040,Arrival,137,108_4_1
2_0_14,26070,Arrival,21,214_2_0
2_1_18,26070,Departure,100,210_2_1
1_0_18,26070,Arrival,51,110_1_0
1_1_16,26070,Departure,189,113_1_1
1_1_18,26070,Arrival,77,108_1_1
1_0_16,26070,Departure,132,116_1_0
3_1_16,26070,Departure,121,105_3_1
3_0_18,26070,Arrival,14,303_3_0
2_1_14,26070,Arrival,132,213_2_1
4_0_14,26100,Arrival,59,913_4_0
1_1_23,26100,Departure,41,101_1_1
3_0_11,26100,Arrival,111,325_3_0
4_1_11,26100,Arrival,259,925_4_1
3_1_17,26100,Arrival,63,305_3_1
4_0_11,26100,Arrival,169,926_4_0
3_1_15,26100,Arrival,85,208_3_1
1_1_17,26100,Departure,141,111_1_1
2_1_17,26100,Arrival,123,202_2_1
1_0_23,26100,Departure,0,101_1_0
3_1_11,26100,Arrival,143,321_3_1
1_0_15,26100,Departure,177,119_1_0
4_0_13,26100,Departure,177,305_4_0
1_1_15,26100,Departure,94,116_1_1
3_0_17,26100,Arrival,60,316_3_0
4_1_13,26100,Departure,162,108_4_1
2_0_15,26100,Departure,38,210_2_0
1_1_21,26100,Arrival,79,101_1_1
1_0_17,26100,Departure,104,113_1_0
3_0_14,26130,Arrival,73,116_3_0
1_0_14,26130,Arrival,73,122_1_0
1_1_20,26130,Arrival,13,103_1_1
1_1_18,26130,Departure,85,108_1_1
2_1_14,26130,Departure,171,213_2_1
1_0_20,26130,Arrival,7,105_1_0
2_0_14,26130,Departure,65,214_2_0
3_1_14,26130,Arrival,156,116_3_1
2_0_16,26130,Arrival,210,208_2_0
1_0_18,26130,Departure,111,110_1_0
1_1_14,26130,Arrival,58,119_1_1
3_0_18,26130,Departure,85,303_3_0
3_1_11,26160,Departure,173,321_3_1
4_1_13,26160,Arrival,162,918_4_1
1_0_19,26160,Arrival,30,108_1_0
2_0_19,26160,Departure,30,113_2_0
3_0_17,26160,Departure,101,316_3_0
4_0_13,26160,Arrival,177,919_4_0
1_1_19,26160,Arrival,165,105_1_1
3_0_15,26160,Arrival,119,208_3_0
4_1_16,26160,Departure,10,108_4_1
4_1_11,26160,Departure,298,925_4_1
3_1_15,26160,Departure,270,208_3_1
4_0_11,26160,Departure,236,926_4_0
3_1_19,26160,Departure,14,105_3_1
2_1_17,26160,Departure,231,202_2_1
3_0_11,26160,Departure,166,325_3_0
3_1_17,26160,Departure,73,305_3_1
1_0_21,26160,Departure,78,103_1_0
4_0_16,26160,Departure,6,108_4_0
2_1_19,26160,Departure,7,113_2_1
3_0_19,26160,Departure,1,105_3_0
4_0_14,26160,Departure,181,913_4_0
1_1_21,26160,Departure,91,101_1_1
3_1_14,26190,Departure,172,116_3_1
1_1_14,26190,Departure,67,119_1_1
3_0_16,26190,Arrival,106,305_3_0
3_0_14,26190,Departure,66,116_3_0
3_1_18,26190,Departure,38,310_3_1
2_0_16,26190,Departure,73,208_2_0
1_0_14,26190,Departure,139,122_1_0
1_0_20,26190,Departure,12,105_1_0
1_1_18,26190,Arrival,85,110_1_1
1_1_20,26190,Departure,19,103_1_1
1_0_18,26190,Arrival,111,111_1_0
2_0_17,26220,Arrival,165,206_2_0
1_1_19,26220,Departure,166,105_1_1
2_1_15,26220,Arrival,57,208_2_1
1_1_13,26220,Arrival,70,122_1_1
4_1_15,26220,Arrival,13,913_4_1
1_0_13,26220,Arrival,125,125_1_0
4_0_13,26220,Departure,245,919_4_0
4_1_13,26220,Departure,242,918_4_1
1_0_19,26220,Departure,34,108_1_0
3_0_15,26220,Departure,171,208_3_0
1_1_22,26250,Arrival,28,101_1_1
1_1_12,26250,Arrival,109,125_1_1
1_0_18,26250,Departure,146,111_1_0
1_0_24,26250,Departure,19,101_1_0
3_1_16,26250,Arrival,121,303_3_1
1_0_12,26250,Arrival,166,128_1_0
1_1_18,26250,Departure,104,110_1_1
1_1_24,26250,Departure,0,101_1_1
3_0_16,26250,Departure,149,305_3_0
2_0_19,26280,Arrival,30,213_2_0
2_0_17,26280,Departure,239,206_2_0
4_1_15,26280,Departure,45,913_4_1
1_0_13,26280,Departure,194,125_1_0
4_1_16,26280,Arrival,10,305_4_1
2_1_15,26280,Departure,73,208_2_1
1_1_13,26280,Departure,97,122_1_1
2_1_16,26310,Arrival,131,206_2_1
3_1_16,26310,Departure,160,303_3_1
1_0_12,26310,Departure,264,128_1_0
3_1_10,26310,Arrival,91,325_3_1
1_1_22,26310,Departure,39,101_1_1
3_0_10,26310,Arrival,100,329_3_0
1_1_12,26310,Departure,114,125_1_1
1_0_22,26310,Departure,27,103_1_0
4_0_16,26340,Arrival,6,918_4_0
2_0_19,26340,Departure,74,213_2_0
2_0_15,26340,Arrival,38,113_2_0
4_1_16,26340,Departure,28,305_4_1
2_1_15,26340,Arrival,73,113_2_1
2_1_16,26370,Departure,148,206_2_1
3_0_10,26370,Departure,203,329_3_0
2_0_18,26370,Arrival,54,204_2_0
2_1_14,26370,Arrival,171,214_2_1
3_1_10,26370,Departure,148,325_3_1
2_0_14,26370,Arrival,65,216_2_0
3_0_17,26400,Arrival,101,310_3_0
2_0_15,26400,Departure,80,113_2_0
2_0_13,26400,Arrival,193,219_2_0
4_1_13,26400,Arrival,242,919_4_1
1_0_17,26400,Arrival,104,116_1_0
1_1_25,26400,Departure,23,101_1_1
3_0_13,26400,Arrival,35,321_3_0
4_0_13,26400,Arrival,245,921_4_0
4_0_11,26400,Arrival,236,928_4_0
4_1_14,26400,Arrival,53,909_4_1
2_1_17,26400,Arrival,231,204_2_1
4_0_16,26400,Departure,49,918_4_0
1_1_17,26400,Arrival,141,113_1_1
3_1_13,26400,Arrival,61,316_3_1
4_1_11,26400,Arrival,298,926_4_1
1_0_25,26400,Departure,0,101_1_0
1_1_23,26400,Arrival,41,101_1_1
2_1_15,26400,Departure,69,113_2_1
2_1_13,26400,Arrival,161,216_2_1
1_0_18,26430,Arrival,146,113_1_0
2_1_14,26430,Departure,235,214_2_1
1_1_16,26430,Arrival,189,116_1_1
2_0_18,26430,Departure,153,204_2_0
1_0_16,26430,Arrival,132,119_1_0
1_1_18,26430,Arrival,104,111_1_1
2_0_14,26430,Departure,161,216_2_0
3_1_17,26460,Arrival,73,105_3_1
1_1_21,26460,Arrival,91,103_1_1
1_1_23,26460,Departure,61,101_1_1
4_1_11,26460,Departure,362,926_4_1
1_1_17,26460,Departure,154,113_1_1
1_0_23,26460,Departure,35,103_1_0
2_1_17,26460,Departure,227,204_2_1
2_1_19,26460,Arrival,7,210_2_1
4_1_12,26460,Arrival,265,922_4_1
4_0_16,26460,Arrival,49,108_4_0
2_1_13,26460,Departure,164,216_2_1
4_0_13,26460,Departure,349,921_4_0
4_0_12,26460,Arrival,263,925_4_0
1_0_17,26460,Departure,154,116_1_0
4_1_14,26460,Departure,207,909_4_1
3_1_13,26460,Departure,141,316_3_1
1_0_19,26460,Arrival,34,110_1_0
4_1_13,26460,Departure,286,919_4_1
3_0_17,26460,Departure,167,310_3_0
4_0_11,26460,Departure,354,928_4_0
1_1_19,26460,Arrival,166,108_1_1
1_0_21,26460,Arrival,78,105_1_0
2_0_13,26460,Departure,285,219_2_0
3_0_13,26460,Departure,103,321_3_0
1_0_18,26490,Departure,114,113_1_0
1_1_16,26490,Departure,196,116_1_1
2_0_16,26490,Arrival,73,210_2_0
1_0_16,26490,Departure,194,119_1_0
1_1_18,26490,Departure,165,111_1_1
4_0_12,26520,Departure,342,925_4_0
1_0_21,26520,Departure,136,105_1_0
4_1_13,26520,Arrival,286,921_4_1
1_1_21,26520,Departure,109,103_1_1
1_0_19,26520,Departure,93,110_1_0
1_0_15,26520,Arrival,177,122_1_0
2_0_15,26520,Arrival,80,214_2_0
1_1_15,26520,Arrival,94,119_1_1
4_0_13,26520,Arrival,349,922_4_0
1_1_19,26520,Departure,244,108_1_1
2_1_19,26520,Departure,96,210_2_1
4_1_12,26520,Departure,378,922_4_1
4_0_16,26520,Departure,48,108_4_0
3_0_19,26520,Arrival,1,303_3_0
3_1_17,26520,Departure,65,105_3_1
2_1_15,26520,Arrival,69,213_2_1
2_0_16,26550,Departure,73,210_2_0
1_0_20,26550,Arrival,12,108_1_0
1_0_24,26550,Arrival,19,103_1_0
1_1_20,26550,Arrival,19,105_1_1
3_1_18,26550,Arrival,38,305_3_1
3_0_18,26550,Arrival,85,316_3_0
3_0_12,26550,Arrival,101,325_3_0
3_1_12,26550,Arrival,164,321_3_1
1_1_26,26550,Departure,20,101_1_1
3_1_16,26550,Arrival,160,208_3_1
1_0_26,26550,Departure,0,101_1_0
2_1_18,26550,Arrival,100,202_2_1
3_1_15,26580,Arrival,270,116_3_1
4_1_14,26580,Arrival,207,108_4_1
1_1_19,26580,Arrival,244,110_1_1
3_0_19,26580,Departure,72,303_3_0
4_0_14,26580,Arrival,181,305_4_0
4_0_13,26580,Departure,350,922_4_0
3_1_19,26580,Arrival,14,310_3_1
4_1_13,26580,Departure,308,921_4_1
3_0_15,26580,Arrival,171,116_3_0
2_0_17,26580,Arrival,239,208_2_0
1_0_19,26580,Arrival,93,111_1_0
2_0_15,26580,Departure,114,214_2_0
1_0_15,26580,Departure,233,122_1_0
1_1_15,26580,Departure,123,119_1_1
2_1_15,26580,Departure,138,213_2_1
3_1_12,26610,Departure,202,321_3_1
3_0_20,26610,Departure,34,105_3_0
1_0_22,26610,Arrival,27,105_1_0
3_1_16,26610,Departure,302,208_3_1
3_0_16,26610,Arrival,149,208_3_0
3_1_20,26610,Departure,0,105_3_1
1_0_20,26610,Departure,25,108_1_0
3_0_18,26610,Departure,119,316_3_0
3_1_18,26610,Departure,96,305_3_1
1_0_24,26610,Departure,47,103_1_0
1_0_14,26610,Arrival,139,125_1_0
1_1_22,26610,Arrival,39,103_1_1
3_0_12,26610,Departure,142,325_3_0
1_1_20,26610,Departure,24,105_1_1
1_1_14,26610,Arrival,67,122_1_1
1_1_24,26610,Departure,18,101_1_1
2_0_20,26610,Departure,42,113_2_0
2_1_20,26610,Departure,12,113_2_1
2_1_18,26610,Departure,187,202_2_1
1_1_13,26640,Arrival,97,125_1_1
4_1_14,26640,Departure,204,108_4_1
4_0_15,26640,Arrival,91,913_4_0
1_0_19,26640,Departure,127,111_1_0
3_1_19,26640,Departure,54,310_3_1
3_0_17,26640,Arrival,167,305_3_0
3_0_15,26640,Departure,164,116_3_0
2_0_17,26640,Departure,115,208_2_0
4_1_12,26640,Arrival,378,925_4_1
1_1_19,26640,Departure,278,110_1_1
4_0_12,26640,Arrival,342,926_4_0
4_0_14,26640,Departure,185,305_4_0
1_0_13,26640,Arrival,194,128_1_0
3_1_15,26640,Departure,269,116_3_1
1_0_22,26670,Departure,41,105_1_0
1_1_14,26670,Departure,86,122_1_1
2_0_18,26670,Arrival,153,206_2_0
1_0_14,26670,Departure,211,125_1_0
2_1_16,26670,Arrival,148,208_2_1
1_1_22,26670,Departure,55,103_1_1
3_0_16,26670,Departure,193,208_3_0
3_0_17,26700,Departure,190,305_3_0
1_1_27,26700,Departure,32,101_1_1
1_1_25,26700,Arrival,23,101_1_1
4_0_15,26700,Departure,189,913_4_0
1_0_27,26700,Departure,0,101_1_0
1_1_13,26700,Departure,103,125_1_1
4_1_12,26700,Departure,417,925_4_1
4_0_12,26700,Departure,380,926_4_0
1_0_13,26700,Departure,278,128_1_0
4_0_17,26700,Departure,21,108_4_0
3_1_17,26700,Arrival,65,303_3_1
4_1_17,26700,Departure,0,108_4_1
4_1_14,26700,Arrival,204,918_4_1
4_0_14,26700,Arrival,185,919_4_0
2_1_16,26730,Departure,164,208_2_1
2_0_18,26730,Departure,233,206_2_0
2_0_20,26730,Arrival,42,213_2_0
1_0_25,26760,Departure,27,103_1_0
2_1_17,26760,Arrival,227,206_2_1
4_0_14,26760,Departure,241,919_4_0
4_1_16,26760,Arrival,28,913_4_1
3_1_17,26760,Departure,103,303_3_1
3_0_11,26760,Arrival,166,329_3_0
1_0_23,26760,Arrival,35,105_1_0
3_1_11,26760,Arrival,173,325_3_1
1_1_25,26760,Departure,42,101_1_1
4_1_14,26760,Departure,292,918_4_1
1_1_23,26760,Arrival,61,103_1_1
2_0_20,26790,Departure,80,213_2_0
1_1_18,26790,Arrival,165,113_1_1
2_0_16,26790,Arrival,73,113_2_0
2_1_16,26790,Arrival,164,113_2_1
1_0_18,26790,Arrival,114,116_1_0
3_1_11,26820,Departure,233,325_3_1
2_1_15,26820,Arrival,138,214_2_1
1_1_19,26820,Arrival,278,111_1_1
1_0_23,26820,Departure,61,105_1_0
1_1_23,26820,Departure,68,103_1_1
3_0_11,26820,Departure,259,329_3_0
1_0_17,26820,Arrival,154,119_1_0
1_0_19,26820,Arrival,127,113_1_0
2_0_19,26820,Arrival,74,204_2_0
1_1_17,26820,Arrival,154,116_1_1
2_1_17,26820,Departure,245,206_2_1
4_1_16,26820,Departure,55,913_4_1
2_0_15,26820,Arrival,114,216_2_0
3_1_14,26850,Arrival,172,316_3_1
2_1_16,26850,Departure,211,113_2_1
2_0_14,26850,Arrival,161,219_2_0
1_1_28,26850,Departure,17,101_1_1
1_0_28,26850,Departure,0,101_1_0
1_1_20,26850,Arrival,24,108_1_1
1_0_20,26850,Arrival,25,110_1_0
2_1_18,26850,Arrival,187,204_2_1
1_1_18,26850,Departure,168,113_1_1
2_0_16,26850,Departure,79,113_2_0
3_0_18,26850,Arrival,119,310_3_0
2_1_14,26850,Arrival,235,216_2_1
1_0_18,26850,Departure,169,116_1_0
3_0_14,26850,Arrival,66,321_3_0
1_1_26,26850,Arrival,20,101_1_1
1_0_19,26880,Departure,103,113_1_0
2_0_15,26880,Departure,196,216_2_0
4_1_17,26880,Departure,44,305_4_1
1_1_17,26880,Departure,167,116_1_1
1_1_19,26880,Departure,318,111_1_1
1_1_21,26880,Arrival,109,105_1_1
2_1_15,26880,Departure,214,214_2_1
4_0_17,26880,Arrival,21,918_4_0
1_0_21,26880,Arrival,136,108_1_0
2_0_19,26880,Departure,176,204_2_0
1_0_17,26880,Departure,220,119_1_0
3_1_18,26910,Arrival,96,105_3_1
1_0_16,26910,Arrival,194,122_1_0
3_1_14,26910,Departure,260,316_3_1
1_1_20,26910,Departure,80,108_1_1
1_0_26,26910,Departure,32,103_1_0
1_0_24,26910,Arrival,47,105_1_0
1_1_16,26910,Arrival,196,119_1_1
2_1_14,26910,Departure,234,216_2_1
2_1_20,26910,Arrival,12,210_2_1
2_1_18,26910,Departure,188,204_2_1
1_0_20,26910,Departure,105,110_1_0
3_0_14,26910,Departure,137,321_3_0
1_1_26,26910,Departure,28,101_1_1
2_0_14,26910,Departure,252,219_2_0
3_0_18,26910,Departure,165,310_3_0
1_1_24,26910,Arrival,18,103_1_1
4_1_14,26940,Arrival,292,919_4_1
4_1_15,26940,Arrival,45,909_4_1
4_1_12,26940,Arrival,417,926_4_1
4_0_14,26940,Arrival,241,921_4_0
4_0_12,26940,Arrival,380,928_4_0
1_0_21,26940,Departure,97,108_1_0
4_0_17,26940,Departure,53,918_4_0
1_1_21,26940,Departure,131,105_1_1
2_0_17,26940,Arrival,115,210_2_0
2_1_16,26970,Arrival,211,213_2_1
1_0_20,26970,Arrival,105,111_1_0
1_1_24,26970,Departure,33,103_1_1
3_0_20,26970,Arrival,34,303_3_0
1_0_16,26970,Departure,282,122_1_0
3_1_18,26970,Departure,100,105_3_1
1_1_20,26970,Arrival,80,110_1_1
2_0_16,26970,Arrival,79,214_2_0
2_1_20,26970,Departure,96,210_2_1
1_1_16,26970,Departure,209,119_1_1
1_0_24,26970,Departure,39,105_1_0
3_1_13,27000,Arrival,141,321_3_1
3_1_17,27000,Arrival,103,208_3_1
4_0_13,27000,Arrival,350,925_4_0
4_1_12,27000,Departure,483,926_4_1
4_0_12,27000,Departure,484,928_4_0
1_1_15,27000,Arrival,123,122_1_1
3_1_19,27000,Arrival,54,305_3_1
3_0_19,27000,Arrival,72,316_3_0
1_0_15,27000,Arrival,233,125_1_0
4_1_15,27000,Departure,162,909_4_1
2_1_19,27000,Arrival,96,202_2_1
4_0_14,27000,Departure,332,921_4_0
2_0_17,27000,Departure,112,210_2_0
4_1_13,27000,Arrival,308,922_4_1
3_0_13,27000,Arrival,103,325_3_0
1_0_29,27000,Departure,20,101_1_0
1_1_29,27000,Departure,0,101_1_1
4_0_17,27000,Arrival,53,108_4_0
4_1_14,27000,Departure,349,919_4_1
1_1_27,27000,Arrival,32,101_1_1
2_0_18,27030,Arrival,233,208_2_0
1_1_22,27030,Arrival,55,105_1_1
1_1_14,27030,Arrival,86,125_1_1
1_0_14,27030,Arrival,211,128_1_0
2_0_16,27030,Departure,108,214_2_0
3_1_16,27030,Arrival,302,116_3_1
2_1_16,27030,Departure,270,213_2_1
1_0_20,27030,Departure,142,111_1_0
3_0_16,27030,Arrival,193,116_3_0
1_1_20,27030,Departure,104,110_1_1
3_0_20,27030,Departure,94,303_3_0
1_0_22,27030,Arrival,41,108_1_0
4_1_13,27060,Departure,404,922_4_1
4_1_14,27060,Arrival,349,921_4_1
1_1_25,27060,Arrival,42,103_1_1
1_0_27,27060,Departure,23,103_1_0
1_1_27,27060,Departure,49,101_1_1
3_0_21,27060,Departure,39,105_3_0
3_0_17,27060,Arrival,190,208_3_0
1_1_15,27060,Departure,135,122_1_1
3_1_19,27060,Departure,67,305_3_1
3_1_21,27060,Departure,0,105_3_1
4_0_14,27060,Arrival,332,922_4_0
3_0_13,27060,Departure,168,325_3_0
1_0_25,27060,Arrival,27,105_1_0
1_0_15,27060,Departure,304,125_1_0
2_1_21,27060,Departure,47,113_2_1
2_1_19,27060,Departure,204,202_2_1
4_0_17,27060,Departure,123,108_4_0
3_1_13,27060,Departure,175,321_3_1
4_0_13,27060,Departure,413,925_4_0
3_0_19,27060,Departure,109,316_3_0
2_0_21,27060,Departure,0,113_2_0
3_1_17,27060,Departure,259,208_3_1
3_1_16,27090,Departure,344,116_3_1
3_0_18,27090,Arrival,165,305_3_0
2_0_18,27090,Departure,118,208_2_0
1_1_14,27090,Departure,84,125_1_1
1_0_22,27090,Departure,32,108_1_0
3_0_16,27090,Departure,149,116_3_0
1_1_22,27090,Departure,60,105_1_1
3_1_20,27090,Departure,39,310_3_1
1_0_14,27090,Departure,301,128_1_0
4_0_14,27120,Departure,333,922_4_0
4_1_14,27120,Departure,370,921_4_1
4_1_15,27120,Arrival,162,108_4_1
2_0_19,27120,Arrival,176,206_2_0
3_0_17,27120,Departure,213,208_3_0
1_1_25,27120,Departure,53,103_1_1
2_1_17,27120,Arrival,245,208_2_1
1_0_25,27120,Departure,29,105_1_0
4_0_15,27120,Arrival,189,305_4_0
1_1_28,27150,Arrival,17,101_1_1
1_0_30,27150,Departure,26,101_1_0
3_1_18,27150,Arrival,100,303_3_1
1_1_30,27150,Departure,0,101_1_1
3_0_18,27150,Departure,172,305_3_0
1_0_23,27180,Arrival,61,108_1_0
1_1_19,27180,Arrival,318,113_1_1
4_0_16,27180,Arrival,48,913_4_0
1_0_19,27180,Arrival,103,116_1_0
4_0_15,27180,Departure,208,305_4_0
4_0_13,27180,Arrival,413,926_4_0
1_1_23,27180,Arrival,68,105_1_1
1_0_21,27180,Arrival,97,110_1_0
2_0_19,27180,Departure,261,206_2_0
4_1_15,27180,Departure,205,108_4_1
4_1_13,27180,Arrival,404,925_4_1
1_1_21,27180,Arrival,131,108_1_1
2_1_17,27180,Departure,218,208_2_1
3_0_12,27210,Arrival,142,329_3_0
1_0_18,27210,Arrival,169,119_1_0
1_0_20,27210,Arrival,142,113_1_0
1_1_28,27210,Departure,33,101_1_1
1_0_28,27210,Departure,28,103_1_0
1_1_26,27210,Arrival,28,103_1_1
1_0_26,27210,Arrival,32,105_1_0
1_1_20,27210,Arrival,104,111_1_1
3_1_12,27210,Arrival,202,325_3_1
2_1_18,27210,Arrival,188,206_2_1
1_1_18,27210,Arrival,168,116_1_1
3_1_18,27210,Departure,133,303_3_1
1_1_21,27240,Departure,144,108_1_1
4_1_13,27240,Departure,438,925_4_1
4_0_15,27240,Arrival,208,919_4_0
1_0_21,27240,Departure,153,110_1_0
1_1_23,27240,Departure,86,105_1_1
2_0_17,27240,Arrival,112,113_2_0
4_0_13,27240,Departure,455,926_4_0
2_0_21,27240,Departure,56,213_2_0
4_1_18,27240,Departure,0,108_4_1
4_1_15,27240,Arrival,205,918_4_1
2_1_17,27240,Arrival,218,113_2_1
1_0_23,27240,Departure,42,108_1_0
1_1_19,27240,Departure,357,113_1_1
4_0_18,27240,Departure,11,108_4_0
1_0_19,27240,Departure,158,116_1_0
4_0_16,27240,Departure,133,913_4_0
1_1_20,27270,Departure,168,111_1_1
1_0_20,27270,Departure,119,113_1_0
2_1_18,27270,Departure,201,206_2_1
2_1_16,27270,Arrival,270,214_2_1
2_0_20,27270,Arrival,80,204_2_0
3_1_12,27270,Departure,261,325_3_1
1_1_18,27270,Departure,185,116_1_1
1_0_18,27270,Departure,223,119_1_0
1_0_26,27270,Departure,38,105_1_0
2_0_16,27270,Arrival,108,216_2_0
3_0_12,27270,Departure,257,329_3_0
1_1_26,27270,Departure,44,103_1_1
4_0_15,27300,Departure,276,919_4_0
1_0_29,27300,Arrival,20,103_1_0
1_0_17,27300,Arrival,220,122_1_0
3_0_19,27300,Arrival,109,310_3_0
1_0_21,27300,Arrival,153,111_1_0
1_1_21,27300,Arrival,144,110_1_1
2_0_15,27300,Arrival,196,219_2_0
2_0_17,27300,Departure,113,113_2_0
3_0_15,27300,Arrival,164,321_3_0
1_0_31,27300,Departure,13,101_1_0
1_1_17,27300,Arrival,167,119_1_1
3_1_15,27300,Arrival,269,316_3_1
4_1_17,27300,Arrival,44,913_4_1
2_1_19,27300,Arrival,204,204_2_1
2_1_17,27300,Departure,222,113_2_1
4_1_15,27300,Departure,274,918_4_1
2_1_15,27300,Arrival,214,216_2_1
1_1_31,27300,Departure,0,101_1_1
1_0_24,27330,Arrival,39,108_1_0
2_1_16,27330,Departure,337,214_2_1
1_0_22,27330,Arrival,32,110_1_0
2_0_20,27330,Departure,182,204_2_0
1_1_24,27330,Arrival,33,105_1_1
1_1_22,27330,Arrival,60,108_1_1
2_0_16,27330,Departure,213,216_2_0
1_1_29,27360,Departure,16,101_1_1
1_0_27,27360,Arrival,23,105_1_0
1_0_29,27360,Departure,38,103_1_0
2_1_15,27360,Departure,212,216_2_1
1_1_27,27360,Arrival,49,103_1_1
1_1_21,27360,Departure,159,110_1_1
1_0_21,27360,Departure,171,111_1_0
3_1_19,27360,Arrival,67,105_3_1
3_0_19,27360,Departure,172,310_3_0
3_1_15,27360,Departure,361,316_3_1
4_1_17,27360,Departure,64,913_4_1
2_1_19,27360,Departure,212,204_2_1
1_0_17,27360,Departure,277,122_1_0
2_1_21,27360,Arrival,47,210_2_1
1_1_17,27360,Departure,191,119_1_1
2_0_15,27360,Departure,291,219_2_0
3_0_15,27360,Departure,223,321_3_0
2_0_18,27390,Arrival,118,210_2_0
1_1_24,27390,Departure,62,105_1_1
1_1_16,27390,Arrival,209,122_1_1
1_0_22,27390,Departure,35,110_1_0
1_0_24,27390,Departure,59,108_1_0
1_0_16,27390,Arrival,282,125_1_0
1_1_22,27390,Departure,56,108_1_1
2_0_17,27420,Arrival,113,214_2_0
2_1_21,27420,Departure,136,210_2_1
1_0_15,27420,Arrival,304,128_1_0
4_0_18,27420,Arrival,11,918_4_0
1_1_15,27420,Arrival,135,125_1_1
3_0_21,27420,Arrival,39,303_3_0
1_1_27,27420,Departure,63,103_1_1
4_1_18,27420,Departure,62,305_4_1
2_1_17,27420,Arrival,222,213_2_1
1_0_27,27420,Departure,26,105_1_0
3_1_19,27420,Departure,62,105_3_1
2_0_18,27450,Departure,107,210_2_0
3_1_20,27450,Arrival,39,305_3_1
3_0_20,27450,Arrival,94,316_3_0
1_0_32,27450,Departure,19,101_1_0
1_0_30,27450,Arrival,26,103_1_0
1_1_16,27450,Departure,214,122_1_1
1_0_22,27450,Arrival,35,111_1_0
3_0_14,27450,Arrival,137,325_3_0
3_1_18,27450,Arrival,133,208_3_1
1_1_32,27450,Departure,0,101_1_1
2_1_20,27450,Arrival,96,202_2_1
1_0_16,27450,Departure,340,125_1_0
1_1_22,27450,Arrival,56,110_1_1
3_1_14,27450,Arrival,260,321_3_1
1_1_15,27480,Departure,136,125_1_1
3_0_21,27480,Departure,107,303_3_0
2_0_17,27480,Departure,137,214_2_0
4_0_15,27480,Arrival,276,921_4_0
3_0_17,27480,Arrival,213,116_3_0
1_1_25,27480,Arrival,53,105_1_1
4_1_16,27480,Arrival,55,909_4_1
2_1_17,27480,Departure,273,213_2_1
4_1_15,27480,Arrival,274,919_4_1
1_0_23,27480,Arrival,42,110_1_0
3_1_17,27480,Arrival,259,116_3_1
1_0_15,27480,Departure,390,128_1_0
4_0_18,27480,Departure,66,918_4_0
1_0_25,27480,Arrival,29,108_1_0
4_0_13,27480,Arrival,455,928_4_0
4_1_13,27480,Arrival,438,926_4_1
1_1_23,27480,Arrival,86,108_1_1
2_0_19,27480,Arrival,261,208_2_0
1_1_22,27510,Departure,90,110_1_1
1_1_28,27510,Arrival,33,103_1_1
3_1_20,27510,Departure,53,305_3_1
1_0_30,27510,Departure,52,103_1_0
3_1_18,27510,Departure,336,208_3_1
1_1_30,27510,Departure,16,101_1_1
3_1_14,27510,Departure,284,321_3_1
1_0_28,27510,Arrival,28,105_1_0
3_0_18,27510,Arrival,172,208_3_0
1_0_22,27510,Departure,70,111_1_0
3_0_14,27510,Departure,188,325_3_0
3_0_20,27510,Departure,130,316_3_0
2_1_20,27510,Departure,183,202_2_1
3_1_17,27540,Departure,323,116_3_1
4_1_15,27540,Departure,331,919_4_1
4_0_14,27540,Arrival,333,925_4_0
1_1_23,27540,Departure,121,108_1_1
1_1_25,27540,Departure,80,105_1_1
4_1_13,27540,Departure,484,926_4_1
3_0_19,27540,Arrival,172,305_3_0
3_0_17,27540,Departure,181,116_3_0
4_0_18,27540,Arrival,66,108_4_0
3_1_21,27540,Departure,36,310_3_1
4_1_16,27540,Departure,179,909_4_1
4_0_13,27540,Departure,484,928_4_0
2_0_19,27540,Departure,134,208_2_0
1_0_21,27540,Arrival,171,113_1_0
4_1_14,27540,Arrival,370,922_4_1
1_1_21,27540,Arrival,159,111_1_1
4_0_15,27540,Departure,386,921_4_0
1_0_25,27540,Departure,16,108_1_0
1_0_23,27540,Departure,47,110_1_0
1_0_20,27570,Arrival,119,116_1_0
1_1_20,27570,Arrival,168,113_1_1
1_0_28,27570,Departure,36,105_1_0
2_0_20,27570,Arrival,182,206_2_0
3_0_18,27570,Departure,199,208_3_0
1_1_28,27570,Departure,49,103_1_1
2_1_18,27570,Arrival,201,208_2_1
4_0_18,27600,Departure,91,108_4_0
1_0_33,27600,Departure,21,101_1_0
4_1_15,27600,Arrival,331,921_4_1
1_0_21,27600,Departure,187,113_1_0
3_1_19,27600,Arrival,62,303_3_1
4_0_15,27600,Arrival,386,922_4_0
4_1_14,27600,Departure,472,922_4_1
1_1_21,27600,Departure,179,111_1_1
1_1_19,27600,Arrival,357,116_1_1
1_0_19,27600,Arrival,158,119_1_0
1_0_31,27600,Arrival,13,103_1_0
3_0_19,27600,Departure,159,305_3_0
4_0_14,27600,Departure,411,925_4_0
1_1_23,27600,Arrival,121,110_1_1
1_1_33,27600,Departure,0,101_1_1
1_0_23,27600,Arrival,47,111_1_0
1_1_24,27630,Arrival,62,108_1_1
1_1_26,27630,Arrival,44,105_1_1
2_0_20,27630,Departure,262,206_2_0
1_0_24,27630,Arrival,59,110_1_0
1_0_26,27630,Arrival,38,108_1_0
2_1_18,27630,Departure,198,208_2_1
1_0_20,27630,Departure,140,116_1_0
1_1_20,27630,Departure,163,113_1_1
3_1_13,27660,Arrival,175,325_3_1
1_0_29,27660,Arrival,38,105_1_0
1_0_31,27660,Departure,30,103_1_0
4_0_15,27660,Departure,377,922_4_0
3_0_13,27660,Arrival,168,329_3_0
1_1_23,27660,Departure,147,110_1_1
1_0_23,27660,Departure,55,111_1_0
1_1_29,27660,Arrival,16,103_1_1
4_0_16,27660,Arrival,133,305_4_0
1_1_19,27660,Departure,361,116_1_1
1_0_19,27660,Departure,218,119_1_0
4_1_15,27660,Departure,366,921_4_1
2_0_22,27660,Departure,37,113_2_0
3_1_19,27660,Departure,92,303_3_1
4_1_16,27660,Arrival,179,108_4_1
2_1_22,27660,Departure,13,113_2_1
1_1_31,27660,Departure,20,101_1_1
2_1_19,27660,Arrival,212,206_2_1
1_0_26,27690,Departure,50,108_1_0
2_0_18,27690,Arrival,107,113_2_0
1_0_24,27690,Departure,65,110_1_0
2_1_18,27690,Arrival,198,113_2_1
1_1_26,27690,Departure,78,105_1_1
1_0_22,27690,Arrival,70,113_1_0
1_1_22,27690,Arrival,90,111_1_1
1_1_24,27690,Departure,58,108_1_1
1_0_18,27690,Arrival,223,122_1_0
1_1_18,27690,Arrival,185,119_1_1
4_0_19,27710,Departure,8,108_4_0
4_1_14,27720,Arrival,472,925_4_1
2_0_21,27720,Arrival,56,204_2_0
4_0_17,27720,Arrival,123,913_4_0
4_1_16,27720,Departure,191,108_4_1
1_1_29,27720,Departure,26,103_1_1
3_0_13,27720,Departure,277,329_3_0
2_1_17,27720,Arrival,273,214_2_1
4_0_14,27720,Arrival,411,926_4_0
2_0_17,27720,Arrival,137,216_2_0
3_1_13,27720,Departure,225,325_3_1
1_0_29,27720,Departure,43,105_1_0
4_0_16,27720,Departure,168,305_4_0
2_1_19,27720,Departure,221,206_2_1
3_1_22,27735,Departure,2,105_3_1
3_0_20,27750,Arrival,130,310_3_0
2_0_16,27750,Arrival,213,219_2_0
3_0_16,27750,Arrival,149,321_3_0
1_0_32,27750,Arrival,19,103_1_0
1_1_18,27750,Departure,192,119_1_1
4_1_19,27750,Departure,6,108_4_1
3_1_16,27750,Arrival,344,316_3_1
1_0_22,27750,Departure,74,113_1_0
1_0_34,27750,Departure,20,101_1_0
2_1_18,27750,Departure,202,113_2_1
2_1_16,27750,Arrival,337,216_2_1
1_1_24,27750,Arrival,58,110_1_1
1_0_24,27750,Arrival,65,111_1_0
1_1_34,27750,Departure,0,101_1_1
1_0_18,27750,Departure,279,122_1_0
1_1_22,27750,Departure,112,111_1_1
2_1_20,27750,Arrival,183,204_2_1
2_0_18,27750,Departure,94,113_2_0
2_0_22,27780,Arrival,37,213_2_0
2_1_17,27780,Departure,327,214_2_1
1_0_17,27780,Arrival,277,125_1_0
4_1_16,27780,Arrival,191,918_4_1
4_1_14,27780,Departure,484,925_4_1
1_1_17,27780,Arrival,191,122_1_1
4_0_17,27780,Departure,229,913_4_0
2_0_21,27780,Departure,174,204_2_0
4_0_16,27780,Arrival,168,919_4_0
2_0_17,27780,Departure,219,216_2_0
1_0_27,27780,Arrival,26,108_1_0
1_1_27,27780,Arrival,63,105_1_1
1_0_25,27780,Arrival,16,110_1_0
4_0_14,27780,Departure,445,926_4_0
1_1_25,27780,Arrival,80,108_1_1
3_0_20,27810,Departure,190,310_3_0
1_0_32,27810,Departure,37,103_1_0
2_1_20,27810,Departure,179,204_2_1
2_1_23,27810,Departure,20,113_2_1
1_0_30,27810,Arrival,52,105_1_0
1_0_16,27810,Arrival,340,128_1_0
1_0_24,27810,Departure,79,111_1_0
2_1_16,27810,Departure,334,216_2_1
2_0_23,27810,Departure,0,113_2_0
1_1_32,27810,Departure,9,101_1_1
1_1_30,27810,Arrival,16,103_1_1
3_1_16,27810,Departure,419,316_3_1
1_1_16,27810,Arrival,214,125_1_1
3_1_20,27810,Arrival,53,105_3_1
2_0_16,27810,Departure,301,219_2_0
3_0_16,27810,Departure,205,321_3_0
1_1_24,27810,Departure,82,110_1_1
4_0_20,27820,Departure,27,108_4_0
1_1_23,27840,Arrival,147,111_1_1
1_0_25,27840,Departure,21,110_1_0
1_0_17,27840,Departure,353,125_1_0
1_1_25,27840,Departure,82,108_1_1
2_0_22,27840,Departure,128,213_2_0
2_0_19,27840,Arrival,134,210_2_0
4_1_18,27840,Arrival,62,913_4_1
1_0_23,27840,Arrival,55,113_1_0
1_0_27,27840,Departure,14,108_1_0
1_1_27,27840,Departure,89,105_1_1
4_0_16,27840,Departure,228,919_4_0
1_1_17,27840,Departure,207,122_1_1
4_1_16,27840,Departure,275,918_4_1
4_1_19,27870,Arrival,6,305_4_1
1_1_16,27870,Departure,212,125_1_1
3_1_20,27870,Departure,50,105_3_1
2_0_18,27870,Arrival,94,214_2_0
1_0_30,27870,Departure,40,105_1_0
1_0_16,27870,Departure,426,128_1_0
1_1_30,27870,Departure,31,103_1_1
2_1_18,27870,Arrival,202,213_2_1
3_0_22,27885,Departure,28,105_3_0
4_0_19,27890,Arrival,8,918_4_0
2_1_21,27900,Arrival,136,202_2_1
1_1_25,27900,Arrival,82,110_1_1
1_1_35,27900,Departure,17,101_1_1
1_0_25,27900,Arrival,21,111_1_0
1_1_23,27900,Departure,163,111_1_1
1_1_21,27900,Arrival,179,113_1_1
3_0_15,27900,Arrival,223,325_3_0
3_1_21,27900,Arrival,36,305_3_1
2_0_19,27900,Departure,204,210_2_0
4_1_20,27900,Departure,20,108_4_1
1_0_33,27900,Arrival,21,103_1_0
3_1_19,27900,Arrival,92,208_3_1
3_1_15,27900,Arrival,361,321_3_1
1_0_21,27900,Arrival,187,116_1_0
1_0_35,27900,Departure,0,101_1_0
3_0_21,27900,Arrival,107,316_3_0
1_0_23,27900,Departure,67,113_1_0
4_1_18,27900,Departure,82,913_4_1
3_1_18,27930,Arrival,336,116_3_1
4_0_21,27930,Departure,6,108_4_0
2_0_18,27930,Departure,126,214_2_0
4_1_19,27930,Departure,51,305_4_1
2_1_18,27930,Departure,215,213_2_1
2_0_20,27930,Arrival,262,208_2_0
1_0_26,27930,Arrival,50,110_1_0
1_0_28,27930,Arrival,36,108_1_0
1_1_26,27930,Arrival,78,108_1_1
1_1_28,27930,Arrival,49,105_1_1
3_0_18,27930,Arrival,199,116_3_0
4_0_19,27950,Departure,38,918_4_0
1_1_33,27960,Departure,13,101_1_1
1_0_25,27960,Departure,38,111_1_0
2_0_24,27960,Departure,21,113_2_0
2_1_21,27960,Departure,238,202_2_1
2_1_22,27960,Arrival,13,210_2_1
1_1_31,27960,Arrival,20,103_1_1
1_0_31,27960,Arrival,30,105_1_0
3_0_19,27960,Arrival,159,208_3_0
3_0_21,27960,Departure,137,316_3_0
3_0_15,27960,Departure,265,325_3_0
1_1_21,27960,Departure,186,113_1_1
3_1_21,27960,Departure,37,305_3_1
3_1_23,27960,Departure,21,105_3_1
2_1_24,27960,Departure,1,113_2_1
1_1_25,27960,Departure,109,110_1_1
1_0_21,27960,Departure,281,116_1_0
3_1_19,27960,Departure,289,208_3_1
3_1_15,27960,Departure,391,321_3_1
1_0_33,27960,Departure,41,103_1_0
2_0_20,27990,Departure,135,208_2_0
1_0_24,27990,Arrival,79,113_1_0
1_0_26,27990,Departure,52,110_1_0
1_1_20,27990,Arrival,163,116_1_1
3_0_18,27990,Departure,196,116_3_0
3_0_20,27990,Arrival,190,305_3_0
1_0_20,27990,Arrival,140,119_1_0
3_1_18,27990,Departure,339,116_3_1
1_1_26,27990,Departure,94,108_1_1
1_1_24,27990,Arrival,82,111_1_1
1_0_28,27990,Departure,26,108_1_0
1_1_28,27990,Departure,55,105_1_1
2_0_23,27990,Departure,18,213_2_0
4_0_20,28000,Arrival,27,918_4_0
4_0_19,28010,Arrival,38,108_4_0
4_0_14,28020,Arrival,445,928_4_0
2_0_21,28020,Arrival,174,206_2_0
3_0_19,28020,Departure,208,208_3_0
4_1_14,28020,Arrival,484,926_4_1
1_0_31,28020,Departure,32,105_1_0
4_1_17,28020,Arrival,64,909_4_1
4_0_16,28020,Arrival,228,921_4_0
4_1_16,28020,Arrival,275,919_4_1
4_1_20,28020,Arrival,20,305_4_1
2_1_19,28020,Arrival,221,208_2_1
2_1_22,28020,Departure,48,210_2_1
1_1_31,28020,Departure,31,103_1_1
4_0_22,28040,Departure,13,108_4_0
1_0_22,28050,Arrival,74,116_1_0
1_0_26,28050,Arrival,52,111_1_0
1_0_24,28050,Departure,75,113_1_0
1_1_36,28050,Departure,21,101_1_1
1_1_24,28050,Departure,99,111_1_1
1_1_26,28050,Arrival,94,110_1_1
3_0_20,28050,Departure,209,305_3_0
1_1_20,28050,Departure,183,116_1_1
1_1_22,28050,Arrival,112,113_1_1
3_1_20,28050,Arrival,50,303_3_1
1_0_36,28050,Departure,0,101_1_0
1_0_34,28050,Arrival,20,103_1_0
1_0_20,28050,Departure,207,119_1_0
4_1_21,28050,Departure,6,108_4_1
4_0_20,28060,Departure,44,918_4_0
4_0_19,28070,Departure,45,108_4_0
4_0_15,28080,Arrival,377,925_4_0
4_1_14,28080,Departure,484,926_4_1
1_0_29,28080,Arrival,43,108_1_0
1_0_19,28080,Arrival,218,122_1_0
4_0_16,28080,Departure,337,921_4_0
4_0_14,28080,Departure,483,928_4_0
4_1_15,28080,Arrival,366,922_4_1
4_1_16,28080,Departure,328,919_4_1
2_1_19,28080,Departure,205,208_2_1
1_1_29,28080,Arrival,26,105_1_1
1_1_27,28080,Arrival,89,108_1_1
2_0_24,28080,Arrival,21,213_2_0
1_0_27,28080,Arrival,14,110_1_0
2_0_21,28080,Departure,245,206_2_0
4_1_20,28080,Departure,25,305_4_1
1_1_19,28080,Arrival,361,119_1_1
4_1_17,28080,Departure,192,909_4_1
2_1_20,28110,Arrival,179,206_2_1
3_0_14,28110,Arrival,188,329_3_0
1_1_32,28110,Arrival,9,103_1_1
1_1_26,28110,Departure,115,110_1_1
3_1_20,28110,Departure,161,303_3_1
1_1_22,28110,Departure,125,113_1_1
1_0_26,28110,Departure,67,111_1_0
2_1_23,28110,Arrival,20,210_2_1
1_1_34,28110,Departure,15,101_1_1
2_0_25,28110,Departure,11,113_2_0
1_0_22,28110,Departure,71,116_1_0
4_0_21,28110,Arrival,6,918_4_0
3_1_14,28110,Arrival,284,325_3_1
1_0_34,28110,Departure,40,103_1_0
1_0_32,28110,Arrival,37,105_1_0
2_1_25,28110,Departure,6,113_2_1
4_0_20,28120,Arrival,44,108_4_0
1_0_29,28140,Departure,39,108_1_0
1_0_25,28140,Arrival,38,113_1_0
1_1_29,28140,Departure,60,105_1_1
4_0_16,28140,Arrival,337,922_4_0
1_0_19,28140,Departure,272,122_1_0
1_1_27,28140,Departure,85,108_1_1
1_1_25,28140,Arrival,109,111_1_1
4_0_15,28140,Departure,452,925_4_0
1_1_19,28140,Departure,369,119_1_1
4_1_16,28140,Arrival,328,921_4_1
2_1_19,28140,Arrival,205,113_2_1
4_1_15,28140,Departure,463,922_4_1
2_0_19,28140,Arrival,204,113_2_0
1_0_27,28140,Departure,18,110_1_0
2_0_24,28140,Departure,45,213_2_0
4_0_23,28150,Departure,15,108_4_0
3_1_22,28155,Arrival,2,310_3_1
2_1_20,28170,Departure,191,206_2_1
4_1_21,28170,Arrival,6,305_4_1
3_1_14,28170,Departure,331,325_3_1
4_0_21,28170,Departure,22,918_4_0
1_0_32,28170,Departure,34,105_1_0
1_1_18,28170,Arrival,192,122_1_1
3_0_14,28170,Departure,299,329_3_0
2_1_18,28170,Arrival,215,214_2_1
2_0_18,28170,Arrival,126,216_2_0
1_1_32,28170,Departure,17,103_1_1
1_0_18,28170,Arrival,279,125_1_0
2_1_23,28170,Departure,70,210_2_1
4_0_20,28180,Departure,56,108_4_0
3_1_24,28185,Departure,4,105_3_1
3_0_21,28200,Arrival,137,310_3_0
4_0_17,28200,Arrival,229,305_4_0
1_1_17,28200,Arrival,207,125_1_1
1_1_23,28200,Arrival,163,113_1_1
3_1_17,28200,Arrival,323,316_3_1
1_0_25,28200,Departure,70,113_1_0
1_1_37,28200,Departure,36,101_1_1
1_0_27,28200,Arrival,18,111_1_0
2_1_19,28200,Departure,202,113_2_1
4_1_16,28200,Departure,351,921_4_1
4_1_22,28200,Departure,7,108_4_1
4_1_17,28200,Arrival,192,108_4_1
1_0_37,28200,Departure,0,101_1_0
1_1_27,28200,Arrival,85,110_1_1
3_0_17,28200,Arrival,181,321_3_0
4_0_16,28200,Departure,339,922_4_0
1_0_17,28200,Arrival,353,128_1_0
2_1_17,28200,Arrival,327,216_2_1
2_1_21,28200,Arrival,238,204_2_1
1_1_35,28200,Arrival,17,101_1_1
1_1_25,28200,Departure,130,111_1_1
2_0_19,28200,Departure,143,113_2_0
1_0_23,28200,Arrival,67,116_1_0
2_0_17,28200,Arrival,219,219_2_0
3_1_22,28215,Departure,90,310_3_1
4_0_22,28220,Arrival,13,918_4_0
1_1_18,28230,Departure,214,122_1_1
2_1_18,28230,Departure,271,214_2_1
2_0_18,28230,Departure,225,216_2_0
2_0_25,28230,Arrival,11,213_2_0
4_0_21,28230,Arrival,22,108_4_0
1_0_28,28230,Arrival,26,110_1_0
1_0_30,28230,Arrival,40,108_1_0
1_1_30,28230,Arrival,31,105_1_1
1_0_18,28230,Departure,348,125_1_0
1_1_28,28230,Arrival,55,108_1_1
4_1_21,28230,Departure,44,305_4_1
3_0_22,28245,Arrival,28,303_3_0
4_0_18,28260,Arrival,91,913_4_0
3_1_17,28260,Departure,389,316_3_1
3_0_21,28260,Departure,139,310_3_0
3_0_17,28260,Departure,225,321_3_0
4_1_15,28260,Arrival,463,925_4_1
1_1_17,28260,Departure,206,125_1_1
3_0_23,28260,Departure,31,105_3_0
1_1_23,28260,Departure,199,113_1_1
3_1_21,28260,Arrival,37,105_3_1
1_0_17,28260,Departure,428,128_1_0
4_0_15,28260,Arrival,452,926_4_0
2_1_21,28260,Departure,332,204_2_1
4_0_17,28260,Departure,218,305_4_0
1_0_23,28260,Departure,93,116_1_0
2_0_26,28260,Departure,0,113_2_0
1_0_27,28260,Departure,26,111_1_0
2_1_17,28260,Departure,322,216_2_1
1_1_33,28260,Arrival,13,103_1_1
1_1_35,28260,Departure,34,101_1_1
2_0_17,28260,Departure,300,219_2_0
4_0_24,28260,Departure,17,108_4_0
1_1_27,28260,Departure,109,110_1_1
2_1_24,28260,Arrival,1,210_2_1
2_1_26,28260,Departure,0,113_2_1
1_0_33,28260,Arrival,41,105_1_0
1_0_35,28260,Departure,23,103_1_0
4_1_17,28260,Departure,190,108_4_1
4_0_22,28280,Departure,31,918_4_0
2_0_20,28290,Arrival,135,210_2_0
1_0_26,28290,Arrival,67,113_1_0
2_0_25,28290,Departure,51,213_2_0
1_0_30,28290,Departure,39,108_1_0
1_0_28,28290,Departure,31,110_1_0
1_1_30,28290,Departure,36,105_1_1
1_1_26,28290,Arrival,115,111_1_1
4_0_21,28290,Departure,22,108_4_0
1_1_28,28290,Departure,55,108_1_1
3_0_22,28305,Departure,79,303_3_0
1_0_21,28320,Arrival,281,119_1_0
2_0_19,28320,Arrival,143,214_2_0
1_1_33,28320,Departure,33,103_1_1
4_0_17,28320,Arrival,218,919_4_0
4_0_18,28320,Departure,201,913_4_0
4_1_17,28320,Arrival,190,918_4_1
3_1_21,28320,Departure,43,105_3_1
4_0_15,28320,Departure,484,926_4_0
1_1_21,28320,Arrival,186,116_1_1
2_0_22,28320,Arrival,128,204_2_0
2_1_19,28320,Arrival,202,213_2_1
1_0_33,28320,Departure,33,105_1_0
4_1_22,28320,Arrival,7,305_4_1
2_1_24,28320,Departure,42,210_2_1
4_1_15,28320,Departure,484,925_4_1
4_0_23,28330,Arrival,15,918_4_0
4_0_22,28340,Arrival,31,108_4_0
1_1_38,28350,Departure,23,101_1_1
3_0_16,28350,Arrival,205,325_3_0
1_0_28,28350,Arrival,31,111_1_0
1_1_36,28350,Arrival,21,101_1_1
1_1_28,28350,Arrival,55,110_1_1
1_1_24,28350,Arrival,99,113_1_1
1_1_26,28350,Departure,138,111_1_1
3_1_16,28350,Arrival,419,321_3_1
3_1_20,28350,Arrival,161,208_3_1
1_0_26,28350,Departure,63,113_1_0
1_0_24,28350,Arrival,75,116_1_0
1_0_38,28350,Departure,0,101_1_0
2_0_20,28350,Departure,133,210_2_0
4_1_19,28350,Arrival,51,913_4_1
4_1_23,28350,Departure,15,108_4_1
4_0_25,28370,Departure,5,108_4_0
2_0_22,28380,Departure,155,204_2_0
4_1_22,28380,Departure,41,305_4_1
2_1_19,28380,Departure,213,213_2_1
2_0_19,28380,Departure,163,214_2_0
2_0_21,28380,Arrival,245,208_2_0
1_0_21,28380,Departure,332,119_1_0
1_1_31,28380,Arrival,31,105_1_1
1_1_21,28380,Departure,210,116_1_1
3_1_19,28380,Arrival,289,116_3_1
1_0_29,28380,Arrival,39,110_1_0
3_0_19,28380,Arrival,208,116_3_0
4_0_17,28380,Departure,282,919_4_0
4_1_17,28380,Departure,205,918_4_1
1_1_29,28380,Arrival,60,108_1_1
3_1_23,28380,Arrival,21,310_3_1
1_0_31,28380,Arrival,32,108_1_0
4_0_23,28390,Departure,24,918_4_0
4_0_22,28400,Departure,39,108_4_0
3_1_25,28410,Departure,14,105_3_1
3_0_20,28410,Arrival,209,208_3_0
1_1_34,28410,Arrival,15,103_1_1
1_0_28,28410,Departure,44,111_1_0
3_1_16,28410,Departure,451,321_3_1
1_0_24,28410,Departure,97,116_1_0
3_1_20,28410,Departure,326,208_3_1
2_1_25,28410,Arrival,6,210_2_1
1_0_34,28410,Arrival,40,105_1_0
4_1_19,28410,Departure,71,913_4_1
2_1_27,28410,Departure,11,113_2_1
1_1_24,28410,Departure,95,113_1_1
3_0_16,28410,Departure,236,325_3_0
1_1_28,28410,Departure,84,110_1_1
2_0_27,28410,Departure,14,113_2_0
1_0_36,28410,Departure,20,103_1_0
1_1_36,28410,Departure,33,101_1_1
3_0_19,28440,Departure,203,116_3_0
2_0_26,28440,Departure,20,213_2_0
3_1_19,28440,Departure,282,116_3_1
1_0_29,28440,Departure,40,110_1_0
1_0_27,28440,Arrival,26,113_1_0
1_1_31,28440,Departure,39,105_1_1
3_1_23,28440,Departure,72,310_3_1
1_0_31,28440,Departure,38,108_1_0
1_1_29,28440,Departure,60,108_1_1
2_0_21,28440,Departure,124,208_2_0
3_0_21,28440,Arrival,139,305_3_0
4_0_24,28440,Arrival,17,918_4_0
1_1_27,28440,Arrival,109,111_1_1
4_0_23,28450,Arrival,24,108_4_0
1_0_20,28470,Arrival,207,122_1_0
2_0_23,28470,Arrival,18,204_2_0
1_0_34,28470,Departure,38,105_1_0
2_1_20,28470,Arrival,191,208_2_1
2_1_25,28470,Departure,37,210_2_1
4_1_23,28470,Arrival,15,305_4_1
1_0_22,28470,Arrival,71,119_1_0
1_1_34,28470,Departure,35,103_1_1
1_1_20,28470,Arrival,183,119_1_1
1_1_22,28470,Arrival,125,116_1_1
3_0_20,28470,Departure,242,208_3_0
4_0_26,28480,Departure,8,108_4_0
1_0_29,28500,Arrival,40,111_1_0
1_1_25,28500,Arrival,130,113_1_1
1_0_27,28500,Departure,37,113_1_0
4_0_24,28500,Departure,41,918_4_0
1_1_37,28500,Arrival,36,101_1_1
3_0_21,28500,Departure,161,305_3_0
1_0_39,28500,Departure,13,101_1_0
1_0_25,28500,Arrival,70,116_1_0
1_1_39,28500,Departure,0,101_1_1
2_1_22,28500,Arrival,48,202_2_1
4_1_24,28500,Departure,7,108_4_1
4_1_20,28500,Arrival,25,913_4_1
1_1_27,28500,Departure,128,111_1_1
1_1_29,28500,Arrival,60,110_1_1
3_1_21,28500,Arrival,43,303_3_1
4_0_23,28510,Departure,26,108_4_0
1_1_32,28530,Arrival,17,105_1_1
1_1_30,28530,Arrival,36,108_1_1
1_0_30,28530,Arrival,39,110_1_0
1_1_22,28530,Departure,148,116_1_1
2_1_20,28530,Departure,203,208_2_1
4_1_23,28530,Departure,30,305_4_1
1_0_32,28530,Arrival,34,108_1_0
1_1_20,28530,Departure,227,119_1_1
1_0_22,28530,Departure,66,119_1_0
1_0_20,28530,Departure,276,122_1_0
2_0_23,28530,Departure,54,204_2_0
2_0_27,28530,Arrival,14,213_2_0
4_0_25,28550,Arrival,5,918_4_0
4_0_17,28560,Arrival,282,921_4_0
1_0_35,28560,Arrival,23,105_1_0
2_0_28,28560,Departure,10,113_2_0
4_1_15,28560,Arrival,484,926_4_1
4_0_24,28560,Arrival,41,108_4_0
1_0_37,28560,Departure,20,103_1_0
1_1_19,28560,Arrival,369,122_1_1
1_1_37,28560,Departure,49,101_1_1
1_0_25,28560,Departure,48,116_1_0
1_0_19,28560,Arrival,272,125_1_0
1_1_25,28560,Departure,124,113_1_1
1_0_29,28560,Departure,57,111_1_0
3_0_15,28560,Arrival,265,329_3_0
4_0_15,28560,Arrival,484,928_4_0
3_1_15,28560,Arrival,391,325_3_1
1_1_35,28560,Arrival,34,103_1_1
2_1_21,28560,Arrival,332,206_2_1
2_1_28,28560,Departure,1,113_2_1
2_1_22,28560,Departure,180,202_2_1
3_1_21,28560,Departure,82,303_3_1
1_1_29,28560,Departure,84,110_1_1
4_1_20,28560,Departure,66,913_4_1
4_1_17,28560,Arrival,205,919_4_1
4_1_18,28560,Arrival,82,909_4_1
3_1_22,28575,Arrival,90,305_3_1
2_1_20,28590,Arrival,203,113_2_1
1_1_28,28590,Arrival,84,111_1_1
1_0_30,28590,Departure,48,110_1_0
2_0_27,28590,Departure,53,213_2_0
1_1_32,28590,Departure,45,105_1_1
1_1_18,28590,Arrival,214,125_1_1
1_1_30,28590,Departure,50,108_1_1
1_0_18,28590,Arrival,348,128_1_0
1_0_28,28590,Arrival,44,113_1_0
4_0_27,28590,Departure,6,108_4_0
1_0_32,28590,Departure,20,108_1_0
2_0_20,28590,Arrival,133,113_2_0
3_1_24,28605,Arrival,4,310_3_1
4_0_25,28610,Departure,30,918_4_0
3_1_15,28620,Departure,438,325_3_1
1_1_23,28620,Arrival,199,116_1_1
2_1_26,28620,Departure,36,210_2_1
1_1_35,28620,Departure,44,103_1_1
2_1_19,28620,Arrival,213,214_2_1
2_1_21,28620,Departure,435,206_2_1
4_0_15,28620,Departure,484,928_4_0
4_0_16,28620,Arrival,339,925_4_0
4_1_16,28620,Arrival,351,922_4_1
2_0_19,28620,Arrival,163,216_2_0
3_0_15,28620,Departure,354,329_3_0
4_1_18,28620,Departure,204,909_4_1
4_0_24,28620,Departure,44,108_4_0
3_0_23,28620,Arrival,31,303_3_0
4_0_17,28620,Departure,366,921_4_0
1_1_19,28620,Departure,384,122_1_1
1_0_19,28620,Departure,337,125_1_0
1_0_23,28620,Arrival,93,119_1_0
4_1_15,28620,Departure,484,926_4_1
2_0_22,28620,Arrival,155,206_2_0
2_0_24,28620,Arrival,45,204_2_0
1_0_35,28620,Departure,21,105_1_0
4_1_17,28620,Departure,264,919_4_1
4_1_24,28620,Arrival,7,305_4_1
3_1_22,28635,Departure,96,305_3_1
3_1_26,28635,Departure,2,105_3_1
3_0_24,28635,Departure,23,105_3_0
1_0_28,28650,Departure,45,113_1_0
3_0_18,28650,Arrival,196,321_3_0
1_1_38,28650,Arrival,23,101_1_1
1_1_40,28650,Departure,24,101_1_1
1_0_40,28650,Departure,0,101_1_0
1_1_18,28650,Departure,212,125_1_1
1_1_30,28650,Arrival,50,110_1_1
3_1_18,28650,Arrival,339,316_3_1
1_1_28,28650,Departure,99,111_1_1
2_1_18,28650,Arrival,271,216_2_1
1_1_26,28650,Arrival,138,113_1_1
2_1_20,28650,Departure,199,113_2_1
1_0_18,28650,Departure,423,128_1_0
1_0_26,28650,Arrival,63,116_1_0
2_0_18,28650,Arrival,225,219_2_0
2_1_23,28650,Arrival,70,202_2_1
4_1_21,28650,Arrival,44,913_4_1
2_0_20,28650,Departure,125,113_2_0
1_0_30,28650,Arrival,48,111_1_0
4_1_25,28650,Departure,14,108_4_1
4_0_26,28660,Arrival,8,918_4_0
3_1_24,28665,Departure,60,310_3_1
4_0_25,28670,Arrival,30,108_4_0
1_1_33,28680,Arrival,33,105_1_1
3_0_23,28680,Departure,57,303_3_0
2_0_22,28680,Departure,172,206_2_0
2_0_24,28680,Departure,84,204_2_0
1_0_33,28680,Arrival,33,108_1_0
1_0_23,28680,Departure,122,119_1_0
1_0_31,28680,Arrival,38,110_1_0
4_1_16,28680,Departure,446,922_4_1
4_1_24,28680,Departure,23,305_4_1
1_1_23,28680,Departure,217,116_1_1
4_0_17,28680,Arrival,366,922_4_0
4_0_16,28680,Departure,413,925_4_0
1_1_31,28680,Arrival,39,108_1_1
2_0_28,28680,Arrival,10,213_2_0
2_0_19,28680,Departure,249,216_2_0
2_1_19,28680,Departure,284,214_2_1
4_1_17,28680,Arrival,264,921_4_1
4_0_28,28700,Departure,25,108_4_0
2_1_23,28710,Departure,100,202_2_1
1_1_26,28710,Departure,155,113_1_1
2_1_29,28710,Departure,0,113_2_1
1_0_30,28710,Departure,69,111_1_0
1_1_36,28710,Arrival,33,103_1_1
2_0_18,28710,Departure,332,219_2_0
1_1_38,28710,Departure,31,101_1_1
1_0_26,28710,Departure,54,116_1_0
1_0_38,28710,Departure,22,103_1_0
2_0_29,28710,Departure,0,113_2_0
1_0_36,28710,Arrival,20,105_1_0
4_1_21,28710,Departure,85,913_4_1
2_1_27,28710,Arrival,11,210_2_1
1_1_30,28710,Departure,73,110_1_1
2_1_18,28710,Departure,263,216_2_1
3_1_18,28710,Departure,447,316_3_1
3_0_18,28710,Departure,243,321_3_0
4_0_26,28720,Departure,40,918_4_0
3_0_22,28725,Arrival,79,316_3_0
4_0_19,28730,Arrival,45,913_4_0
4_0_25,28730,Departure,36,108_4_0
1_1_33,28740,Departure,67,105_1_1
2_0_21,28740,Arrival,124,210_2_0
2_0_28,28740,Departure,46,213_2_0
1_0_33,28740,Departure,20,108_1_0
1_1_31,28740,Departure,38,108_1_1
1_1_29,28740,Arrival,84,111_1_1
4_1_17,28740,Departure,292,921_4_1
4_1_18,28740,Arrival,204,108_4_1
4_0_17,28740,Departure,354,922_4_0
1_0_31,28740,Departure,39,110_1_0
1_0_29,28740,Arrival,57,113_1_0
4_0_18,28740,Arrival,201,305_4_0
2_1_20,28770,Arrival,199,213_2_1
1_1_36,28770,Departure,44,103_1_1
2_1_27,28770,Departure,40,210_2_1
1_0_24,28770,Arrival,97,119_1_0
2_0_25,28770,Arrival,51,204_2_0
1_1_24,28770,Arrival,95,116_1_1
4_0_27,28770,Arrival,6,918_4_0
2_0_20,28770,Arrival,125,214_2_0
1_0_36,28770,Departure,22,105_1_0
4_1_25,28770,Arrival,14,305_4_1
2_0_23,28770,Arrival,54,206_2_0
4_0_26,28780,Arrival,40,108_4_0
3_0_22,28785,Departure,105,316_3_0
4_0_19,28790,Departure,55,913_4_0
